DATE,GENERATED,EXPORTED,USED,PEAK_POWER,PEAK_TIME,CONDITION,TEMPERATURE_MIN,TEMPERATURE_MAX,COMMENTS,IMPORT_PEAK,IMPORT_OFF_PEAK,IMPORT_SHOULDER,CREDIT,DEBIT
27/12/19,3400,,,1058,14:30,Cloudy,14.40,31.20,"Updated 15:39 UTC+1:00",,,,,
26/12/19,500,,,155,12:00,Showers,14.50,22.20,"Updated 14:07 UTC+1:00",,,,,
25/12/19,2000,,,1141,13:30,Showers,15.00,28.50,"Updated 15:48 UTC+1:00",,,,,
24/12/19,300,,,177,13:50,Showers,15.20,22.30,"Updated 14:42 UTC+1:00",,,,,
23/12/19,1500,,,777,15:00,Showers,14.70,26.80,"Updated 15:38 UTC+1:00",,,,,
22/12/19,300,,,154,12:45,Showers,14.80,22.10,"Updated 14:17 UTC+1:00",,,,,
21/12/19,400,,,222,12:05,Showers,15.40,22.90,"Updated 13:52 UTC+1:00",,,,,
20/12/19,300,,,140,11:15,Showers,16.40,22.70,"Updated 15:52 UTC+1:00",,,,,
19/12/19,1600,,,933,14:20,Showers,15.30,27.70,"Updated 15:17 UTC+1:00",,,,,
18/12/19,2100,,,849,14:10,Showers,15.90,27.70,"Updated 15:47 UTC+1:00",,,,,
17/12/19,700,,,1044,14:05,Showers,15.50,25.80,"Updated 15:06 UTC+1:00",,,,,
16/12/19,500,,,168,13:35,Showers,14.20,22.30,"Updated 14:24 UTC+1:00",,,,,
15/12/19,900,,,850,14:20,Showers,14.00,23.90,"Updated 14:44 UTC+1:00",,,,,
14/12/19,800,,,570,12:00,Showers,14.40,23.70,"Updated 14:42 UTC+1:00",,,,,
13/12/19,300,,,95,14:40,Showers,13.90,21.00,"Updated 15:11 UTC+1:00",,,,,
12/12/19,2600,,,1002,14:00,Cloudy,13.40,28.90,"Updated 16:08 UTC+1:00",,,,,
11/12/19,1600,,,919,13:55,Showers,14.00,26.60,"Updated 15:26 UTC+1:00",,,,,
10/12/19,1700,,,790,12:35,Showers,13.90,25.50,"Updated 15:09 UTC+1:00",,,,,
09/12/19,1000,,,687,12:50,Showers,14.20,24.60,"Updated 15:56 UTC+1:00",,,,,
08/12/19,1300,,,986,13:50,Showers,15.40,25.80,"Updated 15:26 UTC+1:00",,,,,
07/12/19,500,,,165,13:20,Showers,14.80,22.70,"Updated 15:29 UTC+1:00",,,,,
06/12/19,0,,,43,11:30,Not Sure,14.60,20.80,"Updated 15:08 UTC+1:00",,,,,
05/12/19,1100,,,440,11:35,Showers,13.90,24.40,"Updated 14:24 UTC+1:00",,,,,
04/12/19,3500,,,1009,14:05,Cloudy,14.50,31.20,"Updated 15:32 UTC+1:00",,,,,
03/12/19,1500,,,1032,13:10,Showers,14.70,27.30,"Updated 14:45 UTC+1:00",,,,,
02/12/19,2500,,,1171,14:15,Cloudy,13.90,29.50,"Updated 15:18 UTC+1:00",,,,,
01/12/19,3000,,,1139,13:25,Cloudy,13.40,28.60,"Updated 15:56 UTC+1:00",,,,,
30/11/19,3400,,,1164,14:20,Cloudy,14.40,31.10,"Updated 15:26 UTC+1:00",,,,,
29/11/19,1900,,,1130,14:30,Showers,15.40,27.20,"Updated 15:44 UTC+1:00",,,,,
28/11/19,1000,,,1302,13:55,Showers,16.00,26.30,"Updated 14:31 UTC+1:00",,,,,
27/11/19,500,,,383,12:35,Showers,15.30,23.00,"Updated 14:50 UTC+1:00",,,,,
26/11/19,500,,,341,13:55,Showers,14.20,23.00,"Updated 15:57 UTC+1:00",,,,,
25/11/19,1500,,,1075,14:15,Showers,13.70,27.10,"Updated 16:22 UTC+1:00",,,,,
24/11/19,2400,,,883,13:20,Cloudy,13.60,26.40,"Updated 15:52 UTC+1:00",,,,,
23/11/19,1100,,,650,11:55,Showers,13.90,23.60,"Updated 14:37 UTC+1:00",,,,,
22/11/19,3700,,,1178,14:00,Cloudy,13.30,30.70,"Updated 15:51 UTC+1:00",,,,,
21/11/19,1100,,,335,12:50,Showers,13.70,23.20,"Updated 15:29 UTC+1:00",,,,,
20/11/19,4400,,,1208,14:10,Cloudy,13.00,31.50,"Updated 16:20 UTC+1:00",,,,,
19/11/19,2300,,,1277,13:20,Cloudy,14.10,29.70,"Updated 14:42 UTC+1:00",,,,,
18/11/19,500,,,154,13:00,Showers,14.10,21.90,"Updated 14:43 UTC+1:00",,,,,
17/11/19,3600,,,1133,14:15,Cloudy,13.90,30.10,"Updated 16:02 UTC+1:00",,,,,
16/11/19,1200,,,252,12:35,Showers,14.00,23.30,"Updated 16:03 UTC+1:00",,,,,
15/11/19,300,,,179,11:25,Showers,14.00,20.80,"Updated 15:13 UTC+1:00",,,,,
14/11/19,1600,,,602,11:25,Showers,13.90,24.10,"Updated 15:31 UTC+1:00",,,,,
13/11/19,2000,,,1430,14:20,Showers,14.80,28.40,"Updated 15:39 UTC+1:00",,,,,
12/11/19,2100,,,1376,13:35,Showers,13.70,27.70,"Updated 15:52 UTC+1:00",,,,,
11/11/19,400,,,163,11:30,Showers,14.20,21.50,"Updated 15:01 UTC+1:00",,,,,
10/11/19,5300,,,1279,14:15,Cloudy,14.00,34.10,"Updated 16:13 UTC+1:00",,,,,
09/11/19,400,,,302,10:05,Showers,15.30,22.70,"Updated 14:23 UTC+1:00",,,,,
08/11/19,5300,,,1348,14:00,Cloudy,15.10,34.20,"Updated 16:12 UTC+1:00",,,,,
07/11/19,700,,,297,14:10,Showers,15.90,24.00,"Updated 14:36 UTC+1:00",,,,,
06/11/19,3600,,,1515,13:55,Cloudy,16.10,33.00,"Updated 16:46 UTC+1:00",,,,,
05/11/19,1400,,,453,11:40,Showers,16.20,26.10,"Updated 15:35 UTC+1:00",,,,,
04/11/19,1500,,,781,15:50,Showers,16.60,26.10,"Updated 16:28 UTC+1:00",,,,,
03/11/19,1600,,,481,12:15,Showers,15.90,26.60,"Updated 15:57 UTC+1:00",,,,,
02/11/19,3400,,,1402,14:40,Cloudy,15.60,32.60,"Updated 16:06 UTC+1:00",,,,,
01/11/19,600,,,160,11:20,Showers,14.70,22.60,"Updated 15:32 UTC+1:00",,,,,
31/10/19,6300,,,1441,14:35,Cloudy,15.70,36.20,"Updated 16:13 UTC+1:00",,,,,
30/10/19,6500,,,1436,14:30,Mostly Cloudy,15.30,36.70,"Updated 16:36 UTC+1:00",,,,,
29/10/19,6700,,,1467,14:25,Mostly Cloudy,16.10,37.70,"Updated 16:39 UTC+1:00",,,,,
28/10/19,4800,,,1734,14:25,Cloudy,16.90,35.20,"Updated 16:32 UTC+1:00",,,,,
27/10/19,5000,,,1776,14:35,Cloudy,17.50,36.00,"Updated 16:40 UTC+1:00",,,,,
26/10/19,2500,,,1563,14:20,Showers,17.60,35.30,"Updated 16:13 UTC+2:00",,,,,
25/10/19,2900,,,1366,13:30,Cloudy,17.80,32.00,"Updated 16:59 UTC+2:00",,,,,
24/10/19,4900,,,1673,15:15,Cloudy,17.00,36.40,"Updated 17:41 UTC+2:00",,,,,
23/10/19,3800,,,1579,15:35,Cloudy,16.70,33.00,"Updated 17:33 UTC+2:00",,,,,
22/10/19,1500,,,773,15:10,Showers,17.00,26.90,"Updated 17:10 UTC+2:00",,,,,
21/10/19,1300,,,1210,14:25,Showers,18.10,29.20,"Updated 15:43 UTC+2:00",,,,,
20/10/19,2800,,,1241,16:50,Cloudy,16.90,32.50,"Updated 17:53 UTC+2:00",,,,,
19/10/19,3700,,,1425,16:00,Cloudy,17.30,32.20,"Updated 17:40 UTC+2:00",,,,,
18/10/19,5000,,,1865,15:25,Cloudy,18.00,36.90,"Updated 18:10 UTC+2:00",,,,,
17/10/19,5000,,,1647,13:55,Cloudy,17.70,37.60,"Updated 17:59 UTC+2:00",,,,,
16/10/19,1300,,,521,12:00,Showers,17.60,27.30,"Updated 16:55 UTC+2:00",,,,,
15/10/19,2100,,,971,14:35,Showers,18.80,29.70,"Updated 17:49 UTC+2:00",,,,,
14/10/19,1700,,,1115,14:55,Showers,17.80,28.90,"Updated 17:44 UTC+2:00",,,,,
13/10/19,2200,,,902,14:20,Showers,17.00,30.70,"Updated 17:52 UTC+2:00",,,,,
12/10/19,1900,,,477,13:30,Showers,17.40,27.70,"Updated 16:59 UTC+2:00",,,,,
11/10/19,700,,,303,12:05,Showers,17.50,25.20,"Updated 15:57 UTC+2:00",,,,,
10/10/19,6200,,,2014,15:55,Cloudy,16.30,37.60,"Updated 18:23 UTC+2:00",,,,,
09/10/19,1000,,,407,11:20,Showers,16.90,25.40,"Updated 17:03 UTC+2:00",,,,,
08/10/19,3100,,,1366,17:35,Cloudy,15.90,29.60,"Updated 18:24 UTC+2:00",,,,,
07/10/19,2600,,,642,12:45,Cloudy,15.90,28.60,"Updated 16:36 UTC+2:00",,,,,
06/10/19,1000,,,254,14:20,Showers,16.20,24.60,"Updated 15:23 UTC+2:00",,,,,
05/10/19,6000,,,1789,16:15,Cloudy,16.10,37.50,"Updated 18:02 UTC+2:00",,,,,
04/10/19,1100,,,492,15:25,Showers,17.60,26.30,"Updated 16:57 UTC+2:00",,,,,
03/10/19,4600,,,1542,13:45,Cloudy,17.90,33.70,"Updated 18:05 UTC+2:00",,,,,
02/10/19,6000,,,1975,16:20,Cloudy,18.60,39.30,"Updated 18:16 UTC+2:00",,,,,
01/10/19,2300,,,1366,15:35,Showers,18.80,32.40,"Updated 16:15 UTC+2:00",,,,,
30/09/19,6300,,,2093,14:55,Cloudy,18.90,39.90,"Updated 18:06 UTC+2:00",,,,,
29/09/19,900,,,400,13:50,Showers,19.50,26.90,"Updated 17:31 UTC+2:00",,,,,
28/09/19,5400,,,2221,14:55,Cloudy,19.10,37.60,"Updated 18:11 UTC+2:00",,,,,
27/09/19,4700,,,2174,14:50,Cloudy,19.80,39.60,"Updated 18:40 UTC+2:00",,,,,
26/09/19,800,,,250,15:40,Showers,20.00,26.90,"Updated 16:56 UTC+2:00",,,,,
25/09/19,3000,,,1033,14:35,Cloudy,20.30,32.80,"Updated 18:07 UTC+2:00",,,,,
24/09/19,1200,,,547,11:20,Showers,21.00,30.40,"Updated 12:18 UTC+2:00",,,,,
23/09/19,6200,,,2021,16:00,Cloudy,21.30,38.90,"Updated 19:04 UTC+2:00",,,,,
22/09/19,6700,,,1892,14:50,Cloudy,19.70,45.10,"Updated 18:28 UTC+2:00",,,,,
21/09/19,10600,,,1804,16:10,Mostly Cloudy,19.50,46.40,"Updated 19:03 UTC+2:00",,,,,
20/09/19,11100,,,1821,16:00,Partly Cloudy,18.70,45.60,"Updated 19:10 UTC+2:00",,,,,
19/09/19,8200,,,2075,14:55,Mostly Cloudy,18.80,44.20,"Updated 18:53 UTC+2:00",,,,,
18/09/19,6300,,,2337,16:20,Cloudy,19.00,41.00,"Updated 19:01 UTC+2:00",,,,,
17/09/19,7500,,,2053,16:10,Mostly Cloudy,19.20,40.30,"Updated 19:06 UTC+2:00",,,,,
16/09/19,3200,,,1227,14:10,Cloudy,20.90,34.00,"Updated 19:33 UTC+2:00",,,,,
15/09/19,6100,,,2231,15:10,Cloudy,20.40,42.30,"Updated 18:45 UTC+2:00",,,,,
14/09/19,10100,,,1867,15:45,Mostly Cloudy,20.80,46.20,"Updated 19:12 UTC+2:00",,,,,
13/09/19,8300,,,2349,16:20,Mostly Cloudy,20.90,47.10,"Updated 19:26 UTC+2:00",,,,,
12/09/19,9900,,,2220,16:35,Mostly Cloudy,19.80,43.50,"Updated 19:18 UTC+2:00",,,,,
11/09/19,1600,,,359,11:50,Showers,19.90,28.60,"Updated 19:03 UTC+2:00",,,,,
10/09/19,8500,,,1978,17:25,Mostly Cloudy,19.70,43.80,"Updated 19:13 UTC+2:00",,,,,
09/09/19,7700,,,2246,15:40,Mostly Cloudy,19.80,44.10,"Updated 18:39 UTC+2:00",,,,,
08/09/19,6300,,,2131,15:05,Cloudy,19.90,42.00,"Updated 19:15 UTC+2:00",,,,,
07/09/19,8900,,,2339,16:10,Mostly Cloudy,20.00,45.30,"Updated 19:30 UTC+2:00",,,,,
06/09/19,4500,,,1632,13:40,Cloudy,20.60,34.20,"Updated 18:56 UTC+2:00",,,,,
05/09/19,9500,,,2348,16:20,Mostly Cloudy,21.30,46.70,"Updated 19:50 UTC+2:00",,,,,
04/09/19,4300,,,2417,17:00,Cloudy,22.20,38.70,"Updated 19:48 UTC+2:00",,,,,
03/09/19,5900,,,2381,16:20,Cloudy,22.80,41.30,"Updated 19:43 UTC+2:00",,,,,
02/09/19,11400,,,2123,16:00,Partly Cloudy,22.60,49.90,"Updated 19:27 UTC+2:00",,,,,
01/09/19,10500,,,2467,16:20,Mostly Cloudy,23.70,48.20,"Updated 19:40 UTC+2:00",,,,,
31/08/19,8100,,,1855,17:00,Mostly Cloudy,23.60,48.60,"Updated 18:34 UTC+2:00",,,,,
30/08/19,11900,,,2062,17:15,Partly Cloudy,23.90,49.30,"Updated 19:37 UTC+2:00",,,,,
29/08/19,10600,,,2202,16:20,Mostly Cloudy,25.60,50.30,"Updated 20:02 UTC+2:00",,,,,
28/08/19,7700,,,1733,16:40,Mostly Cloudy,27.30,47.30,"Updated 19:26 UTC+2:00",,,,,
27/08/19,11000,,,1656,16:15,Partly Cloudy,26.80,54.10,"Updated 19:57 UTC+2:00",,,,,
26/08/19,11600,,,1727,16:10,Partly Cloudy,25.70,53.40,"Updated 19:56 UTC+2:00",,,,,
25/08/19,12800,,,1830,16:40,Partly Cloudy,24.40,53.90,"Updated 20:06 UTC+2:00",,,,,
24/08/19,12900,,,1851,16:35,Partly Cloudy,23.50,52.60,"Updated 20:05 UTC+2:00",,,,,
23/08/19,13100,,,2019,16:45,Partly Cloudy,22.30,50.30,"Updated 20:11 UTC+2:00",,,,,
22/08/19,13800,,,2060,17:10,Fine,21.80,50.80,"Updated 20:12 UTC+2:00",,,,,
21/08/19,9500,,,2171,15:45,Mostly Cloudy,21.40,43.90,"Updated 20:09 UTC+2:00",,,,,
20/08/19,11400,,,2330,16:25,Partly Cloudy,21.80,46.50,"Updated 20:06 UTC+2:00",,,,,
19/08/19,12400,,,2425,16:10,Partly Cloudy,21.90,49.40,"Updated 19:52 UTC+2:00",,,,,
18/08/19,8700,,,2442,16:15,Mostly Cloudy,21.80,47.30,"Updated 20:15 UTC+2:00",,,,,
17/08/19,7100,,,2046,18:20,Mostly Cloudy,22.20,42.10,"Updated 20:29 UTC+2:00",,,,,
16/08/19,6300,,,1997,15:15,Cloudy,21.20,40.20,"Updated 19:48 UTC+2:00",,,,,
15/08/19,6900,,,2389,17:35,Mostly Cloudy,21.50,42.30,"Updated 19:46 UTC+2:00",,,,,
14/08/19,6900,,,2268,15:55,Mostly Cloudy,0.00,43.00,"Updated 20:13 UTC+2:00",,,,,
13/08/19,9600,,,2456,16:15,Mostly Cloudy,22.50,44.50,"Updated 20:32 UTC+2:00",,,,,
12/08/19,6200,,,2424,14:30,Cloudy,23.00,45.80,"Updated 20:07 UTC+2:00",,,,,
11/08/19,6900,,,1667,13:45,Mostly Cloudy,23.50,40.30,"Updated 20:13 UTC+2:00",,,,,
10/08/19,13400,,,2310,16:55,Partly Cloudy,23.70,51.80,"Updated 20:27 UTC+2:00",,,,,
09/08/19,4700,,,1815,18:05,Cloudy,24.60,38.60,"Updated 20:54 UTC+2:00",,,,,
08/08/19,14600,,,2216,16:35,Fine,24.30,53.20,"Updated 20:44 UTC+2:00",,,,,
07/08/19,14600,,,2388,16:55,Fine,24.30,52.30,"Updated 20:58 UTC+2:00",,,,,
06/08/19,13200,,,2325,16:25,Partly Cloudy,24.00,51.90,"Updated 21:03 UTC+2:00",,,,,
05/08/19,10700,,,2312,16:35,Mostly Cloudy,23.70,52.60,"Updated 20:46 UTC+2:00",,,,,
04/08/19,9300,,,2059,14:40,Mostly Cloudy,22.80,45.40,"Updated 20:39 UTC+2:00",,,,,
03/08/19,4800,,,694,12:55,Cloudy,23.20,35.70,"Updated 21:01 UTC+2:00",,,,,
02/08/19,8200,,,2130,16:15,Mostly Cloudy,24.10,45.50,"Updated 20:43 UTC+2:00",,,,,
01/08/19,9300,,,2352,16:35,Mostly Cloudy,24.00,46.10,"Updated 20:03 UTC+2:00",,,,,
31/07/19,6100,,,2129,17:00,Cloudy,26.00,43.50,"Updated 20:29 UTC+2:00",,,,,
30/07/19,10800,,,2226,16:50,Partly Cloudy,26.00,50.90,"Updated 20:28 UTC+2:00",,,,,
29/07/19,14200,,,2225,16:30,Fine,25.80,54.60,"Updated 20:50 UTC+2:00",,,,,
28/07/19,6600,,,2039,14:50,Cloudy,28.00,49.70,"Updated 19:16 UTC+2:00",,,,,
27/07/19,13300,,,2036,16:45,Partly Cloudy,29.60,57.00,"Updated 20:27 UTC+2:00",,,,,
26/07/19,13200,,,1764,16:30,Partly Cloudy,29.90,58.00,"Updated 20:35 UTC+2:00",,,,,
25/07/19,13000,,,1746,16:20,Partly Cloudy,27.90,56.00,"Updated 21:13 UTC+2:00",,,,,
24/07/19,12700,,,1761,17:10,Partly Cloudy,26.70,55.80,"Updated 20:59 UTC+2:00",,,,,
23/07/19,14600,,,1898,16:50,Fine,24.20,55.60,"Updated 21:24 UTC+2:00",,,,,
22/07/19,16000,,,2238,15:15,Fine,23.00,53.70,"Updated 21:03 UTC+2:00",,,,,
21/07/19,15000,,,2274,15:30,Fine,22.80,51.10,"Updated 20:23 UTC+2:00",,,,,
20/07/19,9400,,,2445,17:10,Mostly Cloudy,23.50,48.70,"Updated 20:53 UTC+2:00",,,,,
19/07/19,5600,,,2027,15:30,Cloudy,23.00,41.00,"Updated 20:31 UTC+2:00",,,,,
18/07/19,6200,,,1060,12:15,Cloudy,23.60,39.80,"Updated 20:04 UTC+2:00",,,,,
17/07/19,15000,,,2053,16:00,Fine,21.70,53.00,"Updated 20:33 UTC+2:00",,,,,
16/07/19,10900,,,2495,17:40,Partly Cloudy,21.20,47.30,"Updated 21:10 UTC+2:00",,,,,
15/07/19,5600,,,2291,14:25,Cloudy,21.50,36.90,"Updated 21:08 UTC+2:00",,,,,
14/07/19,8200,,,2471,16:15,Mostly Cloudy,21.20,48.20,"Updated 19:50 UTC+2:00",,,,,
13/07/19,5300,,,1972,17:40,Cloudy,21.90,40.20,"Updated 19:28 UTC+2:00",,,,,
12/07/19,6700,,,2230,17:05,Cloudy,21.90,44.50,"Updated 21:03 UTC+2:00",,,,,
11/07/19,9300,,,2232,16:50,Mostly Cloudy,21.30,45.30,"Updated 21:27 UTC+2:00",,,,,
10/07/19,4400,,,807,14:05,Cloudy,21.90,32.70,"Updated 20:37 UTC+2:00",,,,,
09/07/19,14600,,,2480,17:05,Fine,21.10,49.10,"Updated 21:10 UTC+2:00",,,,,
08/07/19,8400,,,2427,15:05,Mostly Cloudy,21.70,39.80,"Updated 20:52 UTC+2:00",,,,,
07/07/19,12200,,,2549,14:40,Partly Cloudy,21.70,47.00,"Updated 21:36 UTC+2:00",,,,,
06/07/19,4700,,,980,12:00,Cloudy,23.90,37.20,"Updated 21:38 UTC+2:00",,,,,
05/07/19,17300,,,2269,16:15,Fine,23.40,54.40,"Updated 21:18 UTC+2:00",,,,,
04/07/19,13200,,,2157,16:00,Partly Cloudy,22.60,51.80,"Updated 20:40 UTC+2:00",,,,,
03/07/19,12600,,,2457,15:45,Partly Cloudy,23.90,49.40,"Updated 21:29 UTC+2:00",,,,,
02/07/19,16500,,,2418,16:00,Fine,24.10,54.80,"Updated 21:21 UTC+2:00",,,,,
01/07/19,13000,,,2586,17:10,Partly Cloudy,25.20,49.80,"Updated 21:05 UTC+2:00",,,,,
30/06/19,15500,,,2370,15:50,Fine,26.10,54.50,"Updated 21:21 UTC+2:00",,,,,
29/06/19,15900,,,1967,16:30,Fine,23.90,56.60,"Updated 21:22 UTC+2:00",,,,,
28/06/19,17900,,,2083,16:50,Fine,23.50,53.00,"Updated 21:35 UTC+2:00",,,,,
27/06/19,12900,,,2501,15:20,Partly Cloudy,25.00,52.50,"Updated 21:06 UTC+2:00",,,,,
26/06/19,12600,,,2415,17:35,Partly Cloudy,28.30,54.80,"Updated 21:10 UTC+2:00",,,,,
25/06/19,13000,,,1925,16:20,Partly Cloudy,27.70,56.20,"Updated 20:56 UTC+2:00",,,,,
24/06/19,14400,,,1996,16:35,Fine,25.10,55.80,"Updated 21:10 UTC+2:00",,,,,
23/06/19,12700,,,2001,16:35,Partly Cloudy,23.50,54.20,"Updated 20:32 UTC+2:00",,,,,
22/06/19,15600,,,2455,15:40,Fine,22.80,51.60,"Updated 21:24 UTC+2:00",,,,,
21/06/19,17600,,,2452,16:50,Fine,22.30,54.80,"Updated 21:27 UTC+2:00",,,,,
20/06/19,14200,,,2509,15:05,Fine,23.10,52.50,"Updated 21:18 UTC+2:00",,,,,
19/06/19,8700,,,2197,18:15,Mostly Cloudy,24.10,49.20,"Updated 19:29 UTC+2:00",,,,,
18/06/19,12500,,,2199,16:40,Partly Cloudy,22.90,54.90,"Updated 20:29 UTC+2:00",,,,,
17/06/19,13500,,,2496,16:40,Fine,21.40,49.50,"Updated 20:49 UTC+2:00",,,,,
16/06/19,15600,,,2308,16:10,Fine,20.90,52.20,"Updated 21:24 UTC+2:00",,,,,
15/06/19,9800,,,2505,17:30,Mostly Cloudy,21.50,45.80,"Updated 21:30 UTC+2:00",,,,,
14/06/19,13900,,,2433,15:00,Fine,19.80,45.60,"Updated 21:14 UTC+2:00",,,,,
13/06/19,7000,,,2415,17:35,Mostly Cloudy,20.70,38.90,"Updated 20:35 UTC+2:00",,,,,
12/06/19,3800,,,915,20:20,Cloudy,21.60,33.90,"Updated 20:24 UTC+2:00",,,,,
11/06/19,17000,,,2303,16:10,Fine,21.70,51.00,"Updated 21:19 UTC+2:00",,,,,
10/06/19,7500,,,2123,14:45,Mostly Cloudy,21.10,47.90,"Updated 18:37 UTC+2:00",,,,,
09/06/19,10000,,,2243,15:45,Mostly Cloudy,20.30,46.30,"Updated 20:27 UTC+2:00",,,,,
08/06/19,8700,,,2510,17:35,Mostly Cloudy,21.80,40.90,"Updated 20:50 UTC+2:00",,,,,
07/06/19,7700,,,2229,15:05,Mostly Cloudy,21.90,48.70,"Updated 21:03 UTC+2:00",,,,,
06/06/19,16800,,,2460,15:40,Fine,21.70,50.10,"Updated 21:17 UTC+2:00",,,,,
05/06/19,2500,,,560,17:50,Showers,23.40,32.40,"Updated 20:39 UTC+2:00",,,,,
04/06/19,7700,,,1798,13:35,Mostly Cloudy,23.30,44.00,"Updated 20:10 UTC+2:00",,,,,
03/06/19,13800,,,2423,16:35,Fine,23.90,52.60,"Updated 21:30 UTC+2:00",,,,,
02/06/19,13800,,,2237,16:40,Fine,23.50,52.60,"Updated 20:23 UTC+2:00",,,,,
01/06/19,14400,,,2066,16:15,Fine,21.90,53.20,"Updated 21:01 UTC+2:00",,,,,
31/05/19,14100,,,2500,16:25,Fine,21.40,49.50,"Updated 21:13 UTC+2:00",,,,,
30/05/19,12100,,,2407,15:55,Partly Cloudy,21.10,50.60,"Updated 19:53 UTC+2:00",,,,,
29/05/19,11800,,,2477,15:35,Partly Cloudy,20.10,47.50,"Updated 20:01 UTC+2:00",,,,,
28/05/19,13200,,,2509,15:00,Partly Cloudy,20.60,48.00,"Updated 21:09 UTC+2:00",,,,,
27/05/19,12500,,,2485,16:35,Partly Cloudy,20.50,49.60,"Updated 19:37 UTC+2:00",,,,,
26/05/19,8600,,,1766,14:50,Mostly Cloudy,21.20,41.70,"Updated 19:45 UTC+2:00",,,,,
25/05/19,11200,,,2442,16:10,Partly Cloudy,21.60,49.90,"Updated 20:54 UTC+2:00",,,,,
24/05/19,17200,,,2494,17:05,Fine,20.70,53.70,"Updated 20:52 UTC+2:00",,,,,
23/05/19,15500,,,2198,16:35,Fine,19.60,50.20,"Updated 21:29 UTC+2:00",,,,,
22/05/19,14200,,,2503,15:35,Fine,18.30,49.70,"Updated 20:57 UTC+2:00",,,,,
21/05/19,2300,,,585,14:00,Showers,19.80,29.30,"Updated 18:46 UTC+2:00",,,,,
20/05/19,4200,,,909,14:20,Cloudy,20.60,33.30,"Updated 20:15 UTC+2:00",,,,,
19/05/19,10100,,,2349,16:45,Mostly Cloudy,20.50,48.50,"Updated 19:44 UTC+2:00",,,,,
18/05/19,9700,,,2004,14:20,Mostly Cloudy,19.50,45.30,"Updated 20:45 UTC+2:00",,,,,
17/05/19,6800,,,2277,13:45,Mostly Cloudy,19.20,37.80,"Updated 19:42 UTC+2:00",,,,,
16/05/19,11500,,,2572,18:20,Partly Cloudy,19.20,48.70,"Updated 20:39 UTC+2:00",,,,,
15/05/19,14900,,,2161,16:20,Fine,18.90,50.40,"Updated 20:49 UTC+2:00",,,,,
14/05/19,16200,,,2215,15:50,Fine,18.10,48.60,"Updated 21:14 UTC+2:00",,,,,
13/05/19,16700,,,2172,16:45,Fine,17.00,49.20,"Updated 21:12 UTC+2:00",,,,,
12/05/19,12300,,,2507,16:10,Partly Cloudy,17.90,43.90,"Updated 20:40 UTC+2:00",,,,,
11/05/19,15300,,,2423,16:35,Fine,18.20,50.40,"Updated 20:46 UTC+2:00",,,,,
10/05/19,12600,,,2526,16:15,Partly Cloudy,18.30,47.00,"Updated 20:39 UTC+2:00",,,,,
09/05/19,12900,,,2463,15:05,Partly Cloudy,17.00,48.80,"Updated 20:15 UTC+2:00",,,,,
08/05/19,6800,,,2321,18:15,Mostly Cloudy,16.80,38.50,"Updated 21:02 UTC+2:00",,,,,
07/05/19,5200,,,2350,15:40,Cloudy,16.30,39.40,"Updated 15:53 UTC+2:00",,,,,
06/05/19,6000,,,2459,15:50,Cloudy,16.00,34.60,"Updated 20:16 UTC+2:00",,,,,
05/05/19,8800,,,2671,15:15,Mostly Cloudy,16.20,38.00,"Updated 20:16 UTC+2:00",,,,,
04/05/19,11000,,,2504,15:55,Partly Cloudy,16.70,43.20,"Updated 20:34 UTC+2:00",,,,,
03/05/19,6600,,,1751,13:45,Cloudy,17.80,34.80,"Updated 18:59 UTC+2:00",,,,,
02/05/19,7400,,,2499,17:30,Mostly Cloudy,17.70,40.90,"Updated 19:28 UTC+2:00",,,,,
01/05/19,6500,,,2155,18:20,Cloudy,18.40,36.20,"Updated 20:24 UTC+2:00",,,,,
30/04/19,2300,,,374,13:30,Showers,19.70,28.50,"Updated 18:43 UTC+2:00",,,,,
29/04/19,9100,,,2513,15:25,Mostly Cloudy,19.10,43.40,"Updated 19:08 UTC+2:00",,,,,
28/04/19,6500,,,2472,15:05,Cloudy,18.90,44.40,"Updated 19:36 UTC+2:00",,,,,
27/04/19,8200,,,2483,15:35,Mostly Cloudy,20.90,40.70,"Updated 19:47 UTC+2:00",,,,,
26/04/19,14200,,,2501,15:15,Fine,21.10,51.10,"Updated 20:46 UTC+2:00",,,,,
25/04/19,6700,,,1885,14:00,Cloudy,21.30,39.60,"Updated 19:29 UTC+2:00",,,,,
24/04/19,9300,,,2338,16:35,Mostly Cloudy,21.10,49.80,"Updated 19:15 UTC+2:00",,,,,
23/04/19,12500,,,2093,16:00,Partly Cloudy,21.60,50.00,"Updated 20:20 UTC+2:00",,,,,
22/04/19,13000,,,1912,16:15,Partly Cloudy,21.10,49.50,"Updated 20:11 UTC+2:00",,,,,
21/04/19,13800,,,1980,16:35,Fine,21.10,50.10,"Updated 20:02 UTC+2:00",,,,,
20/04/19,13700,,,1972,16:20,Fine,20.70,49.70,"Updated 20:10 UTC+2:00",,,,,
19/04/19,13600,,,1947,16:35,Fine,19.60,48.80,"Updated 20:01 UTC+2:00",,,,,
18/04/19,11000,,,2056,14:50,Partly Cloudy,18.40,43.90,"Updated 20:05 UTC+2:00",,,,,
17/04/19,3500,,,1086,12:55,Cloudy,17.90,32.60,"Updated 19:50 UTC+2:00",,,,,
16/04/19,10600,,,1971,15:45,Mostly Cloudy,17.90,45.20,"Updated 19:47 UTC+2:00",,,,,
15/04/19,13400,,,1953,16:05,Partly Cloudy,16.50,44.90,"Updated 19:57 UTC+2:00",,,,,
14/04/19,13800,,,1997,16:15,Fine,16.30,44.40,"Updated 20:03 UTC+2:00",,,,,
13/04/19,9000,,,2509,16:40,Mostly Cloudy,17.40,39.20,"Updated 19:31 UTC+2:00",,,,,
12/04/19,9100,,,2254,15:05,Mostly Cloudy,17.40,43.90,"Updated 19:53 UTC+2:00",,,,,
11/04/19,12700,,,2530,15:20,Partly Cloudy,17.20,44.10,"Updated 19:49 UTC+2:00",,,,,
10/04/19,14600,,,2175,16:20,Fine,17.50,46.70,"Updated 20:15 UTC+2:00",,,,,
09/04/19,11700,,,2098,16:30,Partly Cloudy,19.00,45.10,"Updated 20:04 UTC+2:00",,,,,
08/04/19,11800,,,1884,16:00,Partly Cloudy,18.80,46.40,"Updated 19:31 UTC+2:00",,,,,
07/04/19,11800,,,1849,16:55,Partly Cloudy,16.90,45.20,"Updated 19:39 UTC+2:00",,,,,
06/04/19,6300,,,2016,16:00,Cloudy,17.10,36.80,"Updated 20:12 UTC+2:00",,,,,
05/04/19,11200,,,2034,15:10,Partly Cloudy,16.50,44.00,"Updated 19:32 UTC+2:00",,,,,
04/04/19,5400,,,1242,12:35,Cloudy,16.80,32.00,"Updated 19:38 UTC+2:00",,,,,
03/04/19,6100,,,2493,16:55,Cloudy,17.00,41.60,"Updated 19:35 UTC+2:00",,,,,
02/04/19,4900,,,2317,16:20,Cloudy,17.20,36.60,"Updated 17:37 UTC+2:00",,,,,
01/04/19,12600,,,1994,16:25,Partly Cloudy,17.30,45.30,"Updated 19:31 UTC+2:00",,,,,
31/03/19,13200,,,2037,16:35,Partly Cloudy,17.80,46.10,"Updated 19:28 UTC+2:00",,,,,
30/03/19,11300,,,1913,15:45,Partly Cloudy,17.60,44.50,"Updated 18:24 UTC+1:00",,,,,
29/03/19,11000,,,1804,14:40,Partly Cloudy,17.10,43.40,"Updated 18:54 UTC+1:00",,,,,
28/03/19,3400,,,1632,16:15,Cloudy,17.50,32.50,"Updated 17:58 UTC+1:00",,,,,
27/03/19,8700,,,2296,14:45,Mostly Cloudy,16.90,41.80,"Updated 18:20 UTC+1:00",,,,,
26/03/19,5400,,,1143,14:30,Cloudy,16.60,31.70,"Updated 17:56 UTC+1:00",,,,,
25/03/19,6800,,,2323,16:25,Mostly Cloudy,16.00,35.90,"Updated 18:03 UTC+1:00",,,,,
24/03/19,12300,,,2035,15:15,Partly Cloudy,16.10,45.10,"Updated 18:25 UTC+1:00",,,,,
23/03/19,7000,,,1803,15:05,Mostly Cloudy,17.60,37.60,"Updated 18:25 UTC+1:00",,,,,
22/03/19,10200,,,1891,15:25,Mostly Cloudy,17.40,43.50,"Updated 17:52 UTC+1:00",,,,,
21/03/19,1300,,,334,12:20,Showers,17.00,25.30,"Updated 16:20 UTC+1:00",,,,,
20/03/19,4800,,,1175,13:35,Cloudy,17.10,31.50,"Updated 18:42 UTC+1:00",,,,,
19/03/19,9400,,,2306,14:45,Mostly Cloudy,15.90,42.30,"Updated 18:11 UTC+1:00",,,,,
18/03/19,7500,,,2492,15:40,Mostly Cloudy,15.60,41.10,"Updated 18:09 UTC+1:00",,,,,
17/03/19,5900,,,2427,15:55,Cloudy,15.40,35.60,"Updated 18:06 UTC+1:00",,,,,
16/03/19,2100,,,746,14:05,Showers,15.70,26.70,"Updated 17:57 UTC+1:00",,,,,
15/03/19,3400,,,1271,15:40,Cloudy,16.00,30.70,"Updated 17:57 UTC+1:00",,,,,
14/03/19,3000,,,2479,15:55,Cloudy,15.30,30.10,"Updated 18:12 UTC+1:00",,,,,
13/03/19,3100,,,1883,16:45,Cloudy,15.00,31.80,"Updated 18:00 UTC+1:00",,,,,
12/03/19,2000,,,577,11:05,Showers,15.40,25.80,"Updated 16:29 UTC+1:00",,,,,
11/03/19,4100,,,2242,13:50,Cloudy,14.50,31.90,"Updated 17:40 UTC+1:00",,,,,
10/03/19,1000,,,327,11:40,Showers,16.30,24.00,"Updated 15:50 UTC+1:00",,,,,
09/03/19,5400,,,2298,15:35,Cloudy,16.20,36.80,"Updated 17:36 UTC+1:00",,,,,
08/03/19,5500,,,2183,14:30,Cloudy,15.60,39.10,"Updated 17:57 UTC+1:00",,,,,
07/03/19,5900,,,2115,15:20,Cloudy,16.60,36.30,"Updated 17:27 UTC+1:00",,,,,
06/03/19,1400,,,411,10:30,Showers,16.20,25.90,"Updated 16:18 UTC+1:00",,,,,
05/03/19,7800,,,2178,15:45,Mostly Cloudy,16.00,38.40,"Updated 18:08 UTC+1:00",,,,,
04/03/19,9500,,,1971,14:05,Mostly Cloudy,16.10,41.90,"Updated 17:51 UTC+1:00",,,,,
03/03/19,600,,,274,12:25,Showers,16.30,24.10,"Updated 15:16 UTC+1:00",,,,,
02/03/19,4400,,,1803,14:35,Cloudy,15.60,34.20,"Updated 16:42 UTC+1:00",,,,,
01/03/19,1500,,,402,13:25,Showers,16.80,25.80,"Updated 18:02 UTC+1:00",,,,,
28/02/19,3800,,,1392,13:45,Cloudy,16.80,34.60,"Updated 16:37 UTC+1:00",,,,,
27/02/19,8100,,,1591,14:50,Mostly Cloudy,16.80,40.00,"Updated 17:31 UTC+1:00",,,,,
26/02/19,8200,,,1622,15:10,Mostly Cloudy,16.60,40.20,"Updated 18:00 UTC+1:00",,,,,
25/02/19,7900,,,1570,16:05,Mostly Cloudy,16.00,38.90,"Updated 17:35 UTC+1:00",,,,,
24/02/19,7200,,,1761,14:25,Mostly Cloudy,16.00,37.70,"Updated 17:40 UTC+1:00",,,,,
23/02/19,8000,,,1580,14:50,Mostly Cloudy,16.50,39.40,"Updated 17:34 UTC+1:00",,,,,
22/02/19,1700,,,748,13:15,Showers,16.80,28.40,"Updated 16:04 UTC+1:00",,,,,
21/02/19,1500,,,532,13:15,Showers,16.50,26.60,"Updated 15:55 UTC+1:00",,,,,
20/02/19,7100,,,1764,15:35,Mostly Cloudy,15.90,38.90,"Updated 17:03 UTC+1:00",,,,,
19/02/19,3600,,,1785,15:45,Cloudy,16.10,33.90,"Updated 16:51 UTC+1:00",,,,,
18/02/19,5700,,,1416,15:00,Cloudy,16.00,35.50,"Updated 17:16 UTC+1:00",,,,,
17/02/19,6500,,,1434,15:25,Cloudy,15.70,36.60,"Updated 17:06 UTC+1:00",,,,,
16/02/19,5700,,,1371,14:00,Cloudy,16.10,34.90,"Updated 17:25 UTC+1:00",,,,,
15/02/19,7500,,,1586,15:05,Mostly Cloudy,16.10,38.80,"Updated 17:18 UTC+1:00",,,,,
14/02/19,7100,,,1596,15:05,Mostly Cloudy,16.20,38.20,"Updated 17:07 UTC+1:00",,,,,
13/02/19,3500,,,1397,14:55,Cloudy,16.00,32.50,"Updated 17:20 UTC+1:00",,,,,
12/02/19,4600,,,1583,14:20,Cloudy,15.30,34.20,"Updated 16:50 UTC+1:00",,,,,
11/02/19,5600,,,1613,15:05,Cloudy,15.20,36.60,"Updated 17:24 UTC+1:00",,,,,
10/02/19,800,,,416,12:40,Showers,16.10,25.00,"Updated 15:47 UTC+1:00",,,,,
09/02/19,4500,,,1606,14:20,Cloudy,15.90,34.00,"Updated 16:39 UTC+1:00",,,,,
08/02/19,500,,,146,13:35,Showers,16.30,23.50,"Updated 15:56 UTC+1:00",,,,,
07/02/19,5300,,,1650,14:30,Cloudy,16.00,36.10,"Updated 16:48 UTC+1:00",,,,,
06/02/19,500,,,201,13:45,Showers,16.00,23.20,"Updated 15:49 UTC+1:00",,,,,
05/02/19,700,,,364,13:10,Showers,15.40,22.90,"Updated 15:12 UTC+1:00",,,,,
04/02/19,500,,,152,11:05,Showers,14.20,21.30,"Updated 14:32 UTC+1:00",,,,,
03/02/19,4600,,,1637,15:25,Cloudy,14.40,34.90,"Updated 17:03 UTC+1:00",,,,,
02/02/19,1400,,,446,14:05,Showers,15.60,25.60,"Updated 16:44 UTC+1:00",,,,,
01/02/19,400,,,242,13:20,Showers,15.70,22.30,"Updated 16:40 UTC+1:00",,,,,
31/01/19,800,,,246,11:05,Showers,15.50,23.30,"Updated 16:06 UTC+1:00",,,,,
30/01/19,1400,,,366,12:25,Showers,15.40,24.90,"Updated 15:14 UTC+1:00",,,,,
29/01/19,4200,,,1187,14:10,Cloudy,15.50,32.20,"Updated 16:15 UTC+1:00",,,,,
28/01/19,3200,,,1407,14:00,Cloudy,14.90,30.90,"Updated 16:10 UTC+1:00",,,,,
27/01/19,1200,,,1316,14:55,Showers,15.70,27.60,"Updated 15:51 UTC+1:00",,,,,
26/01/19,500,,,304,13:40,Showers,15.10,23.10,"Updated 15:27 UTC+1:00",,,,,
25/01/19,600,,,198,13:55,Showers,15.00,21.90,"Updated 15:06 UTC+1:00",,,,,
24/01/19,1600,,,876,14:00,Showers,14.50,25.90,"Updated 15:48 UTC+1:00",,,,,
23/01/19,400,,,133,12:20,Showers,14.20,21.20,"Updated 14:58 UTC+1:00",,,,,
22/01/19,500,,,162,11:35,Showers,13.70,20.80,"Updated 14:16 UTC+1:00",,,,,
21/01/19,2900,,,1114,15:10,Cloudy,13.20,27.30,"Updated 16:12 UTC+1:00",,,,,
20/01/19,5100,,,1428,15:15,Cloudy,12.80,33.30,"Updated 16:39 UTC+1:00",,,,,
19/01/19,4600,,,1246,14:55,Cloudy,14.10,32.10,"Updated 16:13 UTC+1:00",,,,,
18/01/19,2600,,,1013,13:40,Cloudy,14.10,29.70,"Updated 15:37 UTC+1:00",,,,,
17/01/19,2200,,,1521,14:05,Showers,14.70,30.20,"Updated 15:32 UTC+1:00",,,,,
16/01/19,200,,,157,12:40,Showers,15.50,21.70,"Updated 14:23 UTC+1:00",,,,,
15/01/19,1200,,,711,14:00,Showers,14.70,25.70,"Updated 15:56 UTC+1:00",,,,,
14/01/19,2900,,,1259,13:50,Cloudy,14.50,31.40,"Updated 15:49 UTC+1:00",,,,,
13/01/19,300,,,125,15:45,Showers,14.40,21.40,"Updated 15:44 UTC+1:00",,,,,
12/01/19,400,,,651,14:40,Showers,15.10,23.30,"Updated 15:00 UTC+1:00",,,,,
11/01/19,1000,,,965,13:30,Showers,15.20,25.70,"Updated 14:35 UTC+1:00",,,,,
10/01/19,600,,,230,13:35,Showers,14.90,22.50,"Updated 15:42 UTC+1:00",,,,,
09/01/19,3400,,,1161,14:35,Cloudy,14.70,30.70,"Updated 15:56 UTC+1:00",,,,,
08/01/19,1200,,,982,14:20,Showers,14.80,25.20,"Updated 15:06 UTC+1:00",,,,,
07/01/19,400,,,170,12:05,Showers,14.70,22.10,"Updated 15:48 UTC+1:00",,,,,
06/01/19,1000,,,369,12:50,Showers,14.90,24.30,"Updated 15:22 UTC+1:00",,,,,
05/01/19,300,,,121,14:10,Showers,15.30,22.30,"Updated 15:33 UTC+1:00",,,,,
04/01/19,100,,,51,12:55,Showers,15.10,21.20,"Updated 13:46 UTC+1:00",,,,,
03/01/19,2500,,,1172,15:05,Showers,14.90,30.20,"Updated 15:59 UTC+1:00",,,,,
02/01/19,800,,,936,14:45,Showers,14.80,25.30,"Updated 14:55 UTC+1:00",,,,,
01/01/19,1200,,,918,13:30,Showers,15.30,25.80,"Updated 15:42 UTC+1:00",,,,,
31/12/18,1200,,,997,12:50,Showers,16.10,27.10,"Updated 13:54 UTC+1:00",,,,,
30/12/18,400,,,167,12:10,Showers,15.30,22.70,"Updated 14:04 UTC+1:00",,,,,
29/12/18,0,,,81,11:15,Not Sure,15.60,21.80,"Updated 12:02 UTC+1:00",,,,,
28/12/18,200,,,82,12:50,Showers,15.60,21.90,"Updated 14:09 UTC+1:00",,,,,
27/12/18,1200,,,356,12:40,Showers,15.20,24.40,"Updated 15:15 UTC+1:00",,,,,
26/12/18,400,,,144,13:00,Showers,15.10,22.50,"Updated 15:41 UTC+1:00",,,,,
25/12/18,1600,,,1058,13:25,Showers,14.90,26.40,"Updated 15:28 UTC+1:00",,,,,
24/12/18,3000,,,1049,14:35,Cloudy,15.00,31.40,"Updated 15:01 UTC+1:00",,,,,
23/12/18,200,,,112,12:00,Showers,15.40,22.10,"Updated 13:23 UTC+1:00",,,,,
22/12/18,500,,,179,12:00,Showers,15.80,23.10,"Updated 15:11 UTC+1:00",,,,,
21/12/18,300,,,176,11:55,Showers,16.30,23.00,"Updated 14:27 UTC+1:00",,,,,
20/12/18,500,,,331,13:05,Showers,16.70,24.10,"Updated 13:29 UTC+1:00",,,,,
19/12/18,600,,,536,15:05,Showers,15.80,24.00,"Updated 16:03 UTC+1:00",,,,,
18/12/18,800,,,400,14:35,Showers,15.70,24.80,"Updated 14:53 UTC+1:00",,,,,
17/12/18,500,,,749,15:15,Showers,15.20,24.70,"Updated 15:21 UTC+1:00",,,,,
16/12/18,200,,,117,12:45,Showers,14.70,21.20,"Updated 14:04 UTC+1:00",,,,,
15/12/18,400,,,185,13:10,Showers,15.70,22.50,"Updated 14:26 UTC+1:00",,,,,
14/12/18,1800,,,930,15:00,Showers,16.10,28.10,"Updated 15:39 UTC+1:00",,,,,
13/12/18,2500,,,1095,14:35,Cloudy,15.30,29.20,"Updated 15:36 UTC+1:00",,,,,
12/12/18,800,,,313,14:10,Showers,15.90,23.80,"Updated 14:32 UTC+1:00",,,,,
11/12/18,1000,,,994,12:25,Showers,15.50,24.60,"Updated 15:06 UTC+1:00",,,,,
10/12/18,2400,,,1114,14:30,Cloudy,15.00,30.20,"Updated 15:36 UTC+1:00",,,,,
09/12/18,1700,,,1034,12:55,Showers,15.10,28.40,"Updated 15:33 UTC+1:00",,,,,
08/12/18,900,,,1070,14:00,Showers,16.30,26.30,"Updated 15:06 UTC+1:00",,,,,
07/12/18,100,,,177,13:10,Showers,17.40,23.20,"Updated 14:43 UTC+1:00",,,,,
06/12/18,200,,,128,11:35,Showers,16.30,22.90,"Updated 13:34 UTC+1:00",,,,,
05/12/18,500,,,204,11:40,Showers,15.30,22.60,"Updated 15:01 UTC+1:00",,,,,
04/12/18,3600,,,1131,14:20,Cloudy,15.40,33.00,"Updated 15:33 UTC+1:00",,,,,
03/12/18,1000,,,585,12:15,Showers,16.20,25.60,"Updated 14:34 UTC+1:00",,,,,
02/12/18,500,,,305,13:20,Showers,15.70,24.10,"Updated 14:03 UTC+1:00",,,,,
01/12/18,1100,,,461,12:40,Showers,15.30,24.70,"Updated 15:14 UTC+1:00",,,,,
30/11/18,2400,,,1183,13:45,Cloudy,15.60,29.50,"Updated 15:39 UTC+1:00",,,,,
29/11/18,500,,,247,14:30,Showers,14.80,23.20,"Updated 15:02 UTC+1:00",,,,,
28/11/18,300,,,104,11:45,Showers,14.50,21.20,"Updated 15:18 UTC+1:00",,,,,
27/11/18,600,,,218,11:50,Showers,14.40,22.80,"Updated 13:59 UTC+1:00",,,,,
26/11/18,500,,,186,14:20,Showers,14.80,22.30,"Updated 15:31 UTC+1:00",,,,,
25/11/18,500,,,184,12:10,Showers,14.60,22.10,"Updated 13:58 UTC+1:00",,,,,
24/11/18,1000,,,287,14:40,Showers,14.60,23.50,"Updated 15:42 UTC+1:00",,,,,
23/11/18,1100,,,402,11:30,Showers,14.40,23.80,"Updated 15:12 UTC+1:00",,,,,
22/11/18,800,,,310,12:20,Showers,14.60,22.80,"Updated 15:45 UTC+1:00",,,,,
21/11/18,2800,,,1049,14:05,Cloudy,14.20,30.50,"Updated 15:08 UTC+1:00",,,,,
20/11/18,200,,,88,11:55,Showers,14.50,20.70,"Updated 14:19 UTC+1:00",,,,,
19/11/18,1500,,,617,13:50,Showers,14.80,25.90,"Updated 16:18 UTC+1:00",,,,,
18/11/18,3700,,,1310,13:40,Cloudy,14.80,32.30,"Updated 16:18 UTC+1:00",,,,,
17/11/18,4800,,,1236,14:10,Cloudy,15.00,33.80,"Updated 15:53 UTC+1:00",,,,,
16/11/18,800,,,353,14:45,Showers,15.70,24.20,"Updated 16:32 UTC+1:00",,,,,
15/11/18,4800,,,1205,14:30,Cloudy,16.30,34.90,"Updated 16:05 UTC+1:00",,,,,
14/11/18,3400,,,1022,14:05,Cloudy,16.20,30.90,"Updated 16:10 UTC+1:00",,,,,
13/11/18,2500,,,1558,14:05,Showers,17.10,29.80,"Updated 16:01 UTC+1:00",,,,,
12/11/18,1500,,,1225,13:40,Showers,16.80,29.10,"Updated 15:20 UTC+1:00",,,,,
11/11/18,2000,,,1334,15:00,Showers,16.20,29.00,"Updated 15:44 UTC+1:00",,,,,
10/11/18,700,,,367,11:55,Showers,16.50,25.30,"Updated 14:58 UTC+1:00",,,,,
09/11/18,2600,,,1069,14:35,Cloudy,16.20,29.70,"Updated 16:18 UTC+1:00",,,,,
08/11/18,5500,,,1334,14:30,Cloudy,16.50,36.30,"Updated 16:15 UTC+1:00",,,,,
07/11/18,1400,,,644,11:40,Showers,16.20,27.30,"Updated 14:16 UTC+1:00",,,,,
06/11/18,4300,,,1430,14:30,Cloudy,16.00,34.60,"Updated 16:46 UTC+1:00",,,,,
05/11/18,1000,,,332,12:05,Showers,15.60,24.80,"Updated 14:36 UTC+1:00",,,,,
04/11/18,3700,,,826,13:15,Cloudy,15.70,29.90,"Updated 16:16 UTC+1:00",,,,,
03/11/18,5300,,,1416,15:05,Cloudy,15.50,34.30,"Updated 16:26 UTC+1:00",,,,,
02/11/18,3900,,,1699,14:20,Cloudy,16.30,36.20,"Updated 15:37 UTC+1:00",,,,,
01/11/18,1400,,,452,11:15,Showers,16.00,25.50,"Updated 14:31 UTC+1:00",,,,,
31/10/18,4100,,,1500,15:25,Cloudy,15.00,33.40,"Updated 16:36 UTC+1:00",,,,,
30/10/18,600,,,320,13:05,Showers,15.20,23.00,"Updated 13:28 UTC+1:00",,,,,
29/10/18,900,,,357,10:10,Showers,15.20,23.80,"Updated 15:19 UTC+1:00",,,,,
28/10/18,7300,,,1634,14:40,Mostly Cloudy,16.20,38.20,"Updated 16:38 UTC+1:00",,,,,
27/10/18,4700,,,1677,14:50,Cloudy,16.30,34.70,"Updated 17:32 UTC+2:00",,,,,
26/10/18,1500,,,939,15:40,Showers,17.20,28.40,"Updated 17:21 UTC+2:00",,,,,
25/10/18,1500,,,844,15:20,Showers,17.60,28.20,"Updated 17:06 UTC+2:00",,,,,
24/10/18,3500,,,1720,14:30,Cloudy,17.70,36.70,"Updated 17:53 UTC+2:00",,,,,
23/10/18,1100,,,365,12:40,Showers,17.50,26.10,"Updated 16:56 UTC+2:00",,,,,
22/10/18,5600,,,1856,15:30,Cloudy,18.10,39.40,"Updated 18:16 UTC+2:00",,,,,
21/10/18,2500,,,863,13:20,Showers,18.60,31.20,"Updated 17:12 UTC+2:00",,,,,
20/10/18,3000,,,1529,15:20,Cloudy,19.20,32.50,"Updated 17:54 UTC+2:00",,,,,
19/10/18,7400,,,1735,15:20,Mostly Cloudy,20.10,41.90,"Updated 17:51 UTC+2:00",,,,,
18/10/18,5000,,,1958,15:10,Cloudy,21.30,41.50,"Updated 17:32 UTC+2:00",,,,,
17/10/18,5900,,,1646,15:30,Cloudy,21.40,39.80,"Updated 18:13 UTC+2:00",,,,,
16/10/18,7200,,,1458,15:55,Mostly Cloudy,21.20,43.00,"Updated 18:06 UTC+2:00",,,,,
15/10/18,5100,,,1492,15:25,Cloudy,21.10,42.70,"Updated 17:41 UTC+2:00",,,,,
14/10/18,5100,,,1423,14:30,Cloudy,21.10,40.10,"Updated 18:02 UTC+2:00",,,,,
13/10/18,6900,,,1463,14:45,Mostly Cloudy,20.90,42.50,"Updated 17:56 UTC+2:00",,,,,
12/10/18,7400,,,1605,16:05,Mostly Cloudy,20.20,41.60,"Updated 18:02 UTC+2:00",,,,,
11/10/18,7800,,,1589,15:35,Mostly Cloudy,19.20,42.60,"Updated 17:54 UTC+2:00",,,,,
10/10/18,8200,,,1590,15:50,Mostly Cloudy,18.40,42.40,"Updated 18:08 UTC+2:00",,,,,
09/10/18,8000,,,1659,15:35,Mostly Cloudy,18.50,41.30,"Updated 18:20 UTC+2:00",,,,,
08/10/18,7100,,,1695,14:35,Mostly Cloudy,18.10,39.10,"Updated 18:36 UTC+2:00",,,,,
07/10/18,6700,,,1779,16:00,Cloudy,19.30,40.20,"Updated 18:23 UTC+2:00",,,,,
06/10/18,7900,,,1617,16:20,Mostly Cloudy,19.10,43.40,"Updated 17:57 UTC+2:00",,,,,
05/10/18,8900,,,1727,16:00,Mostly Cloudy,18.40,43.10,"Updated 18:36 UTC+2:00",,,,,
04/10/18,3200,,,1761,16:00,Cloudy,18.90,32.40,"Updated 18:24 UTC+2:00",,,,,
03/10/18,8600,,,1930,16:10,Mostly Cloudy,18.00,41.90,"Updated 18:29 UTC+2:00",,,,,
02/10/18,6400,,,2064,15:40,Cloudy,18.00,40.60,"Updated 18:29 UTC+2:00",,,,,
01/10/18,6300,,,2063,15:20,Cloudy,18.70,37.80,"Updated 18:16 UTC+2:00",,,,,
30/09/18,6400,,,2001,15:20,Cloudy,18.30,41.20,"Updated 17:33 UTC+2:00",,,,,
29/09/18,8900,,,1934,15:10,Mostly Cloudy,19.30,44.60,"Updated 18:27 UTC+2:00",,,,,
28/09/18,8100,,,2171,15:50,Mostly Cloudy,20.60,43.10,"Updated 18:26 UTC+2:00",,,,,
27/09/18,10400,,,1830,16:00,Mostly Cloudy,19.50,46.60,"Updated 18:28 UTC+2:00",,,,,
26/09/18,10600,,,1871,15:35,Mostly Cloudy,18.80,45.30,"Updated 18:33 UTC+2:00",,,,,
25/09/18,5700,,,1862,14:55,Cloudy,18.70,39.00,"Updated 18:54 UTC+2:00",,,,,
24/09/18,8300,,,2278,15:10,Mostly Cloudy,19.10,42.10,"Updated 18:51 UTC+2:00",,,,,
23/09/18,1200,,,664,16:25,Showers,20.50,30.00,"Updated 17:36 UTC+2:00",,,,,
22/09/18,2900,,,691,13:00,Cloudy,21.30,32.70,"Updated 18:02 UTC+2:00",,,,,
21/09/18,8200,,,2333,15:50,Mostly Cloudy,22.50,49.30,"Updated 18:12 UTC+2:00",,,,,
20/09/18,4800,,,1753,15:50,Cloudy,22.60,39.80,"Updated 18:46 UTC+2:00",,,,,
19/09/18,7800,,,2029,16:40,Mostly Cloudy,22.30,45.40,"Updated 19:19 UTC+2:00",,,,,
18/09/18,10000,,,2028,15:25,Mostly Cloudy,21.30,47.80,"Updated 18:52 UTC+2:00",,,,,
17/09/18,10600,,,1818,15:45,Mostly Cloudy,20.50,47.70,"Updated 19:03 UTC+2:00",,,,,
16/09/18,9100,,,2005,16:05,Mostly Cloudy,20.60,45.80,"Updated 19:28 UTC+2:00",,,,,
15/09/18,10900,,,2173,15:50,Partly Cloudy,20.30,48.20,"Updated 19:16 UTC+2:00",,,,,
14/09/18,5200,,,1640,15:00,Cloudy,20.50,37.30,"Updated 19:06 UTC+2:00",,,,,
13/09/18,11500,,,2000,16:25,Partly Cloudy,20.30,47.30,"Updated 19:06 UTC+2:00",,,,,
12/09/18,3000,,,1241,12:45,Cloudy,21.40,32.70,"Updated 18:17 UTC+2:00",,,,,
11/09/18,3400,,,963,12:50,Cloudy,21.20,32.90,"Updated 19:02 UTC+2:00",,,,,
10/09/18,4400,,,852,14:55,Cloudy,22.30,34.50,"Updated 18:57 UTC+2:00",,,,,
09/09/18,9200,,,2189,17:05,Mostly Cloudy,20.90,46.10,"Updated 19:02 UTC+2:00",,,,,
08/09/18,5100,,,1373,13:45,Cloudy,21.00,37.40,"Updated 19:15 UTC+2:00",,,,,
07/09/18,11300,,,2461,16:15,Partly Cloudy,21.60,48.80,"Updated 18:42 UTC+2:00",,,,,
06/09/18,2600,,,1111,18:05,Showers,22.60,33.50,"Updated 19:27 UTC+2:00",,,,,
05/09/18,1800,,,933,18:10,Showers,23.30,35.10,"Updated 19:16 UTC+2:00",,,,,
04/09/18,9300,,,1583,16:05,Mostly Cloudy,22.50,46.60,"Updated 19:35 UTC+2:00",,,,,
03/09/18,7400,,,1502,17:05,Mostly Cloudy,21.80,42.30,"Updated 19:39 UTC+2:00",,,,,
02/09/18,11300,,,2064,15:30,Partly Cloudy,20.40,47.10,"Updated 19:48 UTC+2:00",,,,,
01/09/18,12100,,,2189,15:35,Partly Cloudy,20.70,48.00,"Updated 20:06 UTC+2:00",,,,,
31/08/18,6100,,,1507,15:10,Cloudy,20.90,38.50,"Updated 19:58 UTC+2:00",,,,,
30/08/18,11000,,,2090,16:30,Partly Cloudy,20.60,47.10,"Updated 19:50 UTC+2:00",,,,,
29/08/18,2800,,,573,12:10,Cloudy,21.50,31.90,"Updated 19:18 UTC+2:00",,,,,
28/08/18,5100,,,1832,16:25,Cloudy,21.10,40.30,"Updated 19:29 UTC+2:00",,,,,
27/08/18,5400,,,2101,15:35,Cloudy,20.80,41.00,"Updated 19:44 UTC+2:00",,,,,
26/08/18,6900,,,2147,14:35,Mostly Cloudy,20.80,43.80,"Updated 19:04 UTC+2:00",,,,,
25/08/18,8300,,,2444,15:40,Mostly Cloudy,21.90,47.90,"Updated 19:57 UTC+2:00",,,,,
24/08/18,9400,,,2449,15:35,Mostly Cloudy,23.20,47.40,"Updated 19:16 UTC+2:00",,,,,
23/08/18,3700,,,934,16:15,Cloudy,24.90,37.00,"Updated 18:36 UTC+2:00",,,,,
22/08/18,11800,,,2003,15:35,Partly Cloudy,24.70,51.20,"Updated 19:56 UTC+2:00",,,,,
21/08/18,8500,,,1709,17:00,Mostly Cloudy,31.90,45.80,"Updated 18:40 UTC+2:00",,,,,
20/08/18,2500,,,1537,12:45,Cloudy,23.80,36.90,"Updated 14:26 UTC+2:00",,,,,
19/08/18,3600,,,2301,14:50,Cloudy,23.60,38.80,"Updated 19:21 UTC+2:00",,,,,
18/08/18,5000,,,2452,17:30,Cloudy,23.90,40.70,"Updated 19:19 UTC+2:00",,,,,
17/08/18,13400,,,2239,16:15,Partly Cloudy,23.50,52.20,"Updated 20:19 UTC+2:00",,,,,
16/08/18,3100,,,779,16:45,Cloudy,23.70,34.30,"Updated 18:58 UTC+2:00",,,,,
15/08/18,4600,,,2210,15:20,Cloudy,23.60,43.40,"Updated 20:22 UTC+2:00",,,,,
14/08/18,8100,,,2178,14:40,Mostly Cloudy,23.40,49.20,"Updated 20:20 UTC+2:00",,,,,
13/08/18,3900,,,1745,19:25,Cloudy,23.70,35.90,"Updated 20:10 UTC+2:00",,,,,
12/08/18,8500,,,2067,15:05,Mostly Cloudy,22.50,47.10,"Updated 19:09 UTC+2:00",,,,,
11/08/18,12800,,,2449,16:40,Partly Cloudy,22.20,50.00,"Updated 20:20 UTC+2:00",,,,,
10/08/18,7400,,,2432,17:05,Mostly Cloudy,23.80,49.00,"Updated 18:56 UTC+2:00",,,,,
09/08/18,3100,,,539,12:55,Cloudy,30.60,36.20,"Updated 20:17 UTC+2:00",,,,,
08/08/18,7000,,,2489,14:55,Mostly Cloudy,28.20,47.00,"Updated 19:30 UTC+2:00",,,,,
07/08/18,10600,,,1781,16:10,Mostly Cloudy,27.30,56.30,"Updated 19:44 UTC+2:00",,,,,
06/08/18,14000,,,1965,17:25,Fine,26.30,55.80,"Updated 20:47 UTC+2:00",,,,,
05/08/18,15000,,,2308,15:40,Fine,27.10,56.60,"Updated 20:52 UTC+2:00",,,,,
04/08/18,10300,,,1987,15:00,Mostly Cloudy,28.30,50.10,"Updated 20:16 UTC+2:00",,,,,
03/08/18,500,,,323,11:20,Showers,28.60,35.50,"Updated 11:21 UTC+2:00",,,,,
02/08/18,11500,,,1951,16:40,Partly Cloudy,26.70,56.50,"Updated 18:17 UTC+2:00",,,,,
01/08/18,13000,,,2080,16:05,Partly Cloudy,26.10,54.20,"Updated 20:22 UTC+2:00",,,,,
31/07/18,15700,,,2047,15:30,Fine,27.40,54.00,"Updated 20:43 UTC+2:00",,,,,
30/07/18,6800,,,2236,16:00,Mostly Cloudy,26.90,42.90,"Updated 20:35 UTC+2:00",,,,,
29/07/18,5600,,,1767,12:35,Cloudy,27.00,42.20,"Updated 21:08 UTC+2:00",,,,,
28/07/18,14000,,,2342,15:15,Fine,30.70,57.80,"Updated 19:53 UTC+2:00",,,,,
27/07/18,1200,,,569,11:35,Cloudy,30.10,41.00,"Updated 11:36 UTC+2:00",,,,,
26/07/18,13300,,,1761,16:00,Partly Cloudy,28.60,57.30,"Updated 20:31 UTC+2:00",,,,,
25/07/18,12300,,,1908,16:00,Partly Cloudy,28.30,55.30,"Updated 20:55 UTC+2:00",,,,,
24/07/18,12700,,,1805,17:10,Partly Cloudy,27.80,54.00,"Updated 20:46 UTC+2:00",,,,,
23/07/18,14700,,,1954,16:30,Fine,25.80,56.10,"Updated 21:01 UTC+2:00",,,,,
22/07/18,16400,,,2103,17:05,Fine,26.40,55.90,"Updated 21:10 UTC+2:00",,,,,
21/07/18,14700,,,1994,16:00,Fine,26.00,56.00,"Updated 21:00 UTC+2:00",,,,,
20/07/18,13600,,,2132,16:50,Fine,25.80,54.00,"Updated 21:01 UTC+2:00",,,,,
19/07/18,12500,,,1999,16:40,Partly Cloudy,25.70,52.90,"Updated 20:57 UTC+2:00",,,,,
18/07/18,8500,,,2153,17:45,Mostly Cloudy,25.80,47.20,"Updated 20:52 UTC+2:00",,,,,
17/07/18,14300,,,2411,16:55,Fine,26.60,57.20,"Updated 21:10 UTC+2:00",,,,,
16/07/18,14400,,,2109,16:35,Fine,25.80,55.50,"Updated 21:21 UTC+2:00",,,,,
15/07/18,16000,,,1999,16:15,Fine,24.60,54.50,"Updated 21:22 UTC+2:00",,,,,
14/07/18,16400,,,2034,16:40,Fine,24.20,54.90,"Updated 21:21 UTC+2:00",,,,,
13/07/18,15800,,,2161,16:35,Fine,24.60,54.20,"Updated 21:13 UTC+2:00",,,,,
12/07/18,16600,,,2030,16:10,Fine,24.70,54.10,"Updated 21:19 UTC+2:00",,,,,
11/07/18,9500,,,2494,16:10,Mostly Cloudy,23.40,50.00,"Updated 18:19 UTC+2:00",,,,,
10/07/18,10900,,,2482,15:15,Partly Cloudy,23.70,52.00,"Updated 21:20 UTC+2:00",,,,,
09/07/18,5600,,,1185,13:30,Cloudy,25.00,38.10,"Updated 20:57 UTC+2:00",,,,,
08/07/18,15700,,,2093,16:35,Fine,25.10,54.90,"Updated 21:33 UTC+2:00",,,,,
07/07/18,14300,,,2083,14:20,Fine,24.70,51.80,"Updated 21:08 UTC+2:00",,,,,
06/07/18,11000,,,2153,14:30,Partly Cloudy,25.70,48.40,"Updated 20:01 UTC+2:00",,,,,
05/07/18,16500,,,2486,16:05,Fine,25.40,55.80,"Updated 21:19 UTC+2:00",,,,,
04/07/18,15100,,,2020,16:15,Fine,25.30,53.80,"Updated 21:21 UTC+2:00",,,,,
03/07/18,17000,,,2130,16:30,Fine,25.30,56.40,"Updated 21:38 UTC+2:00",,,,,
02/07/18,16900,,,2100,17:05,Fine,25.30,55.90,"Updated 21:42 UTC+2:00",,,,,
01/07/18,16600,,,2053,16:35,Fine,25.00,55.10,"Updated 21:08 UTC+2:00",,,,,
30/06/18,13000,,,2129,16:35,Partly Cloudy,25.60,57.50,"Updated 18:26 UTC+2:00",,,,,
29/06/18,16700,,,2090,16:55,Fine,25.20,56.20,"Updated 21:47 UTC+2:00",,,,,
28/06/18,16000,,,2071,16:35,Fine,24.20,55.50,"Updated 20:44 UTC+2:00",,,,,
27/06/18,16000,,,2058,16:25,Fine,23.50,53.60,"Updated 19:54 UTC+2:00",,,,,
26/06/18,17700,,,2152,17:20,Fine,22.50,54.60,"Updated 21:35 UTC+2:00",,,,,
25/06/18,16000,,,2512,15:15,Fine,21.80,51.40,"Updated 21:35 UTC+2:00",,,,,
24/06/18,7800,,,2124,16:55,Mostly Cloudy,21.90,39.70,"Updated 20:36 UTC+2:00",,,,,
23/06/18,12100,,,2325,16:30,Partly Cloudy,21.20,50.40,"Updated 20:28 UTC+2:00",,,,,
22/06/18,6200,,,2358,14:00,Cloudy,22.30,38.00,"Updated 18:03 UTC+2:00",,,,,
21/06/18,10800,,,2532,15:25,Partly Cloudy,23.50,47.80,"Updated 20:31 UTC+2:00",,,,,
20/06/18,14900,,,2300,15:10,Fine,23.30,54.20,"Updated 20:57 UTC+2:00",,,,,
19/06/18,6400,,,1315,13:20,Cloudy,22.80,38.60,"Updated 21:28 UTC+2:00",,,,,
18/06/18,8200,,,1684,19:20,Mostly Cloudy,22.90,41.80,"Updated 21:19 UTC+2:00",,,,,
17/06/18,10400,,,2168,18:45,Mostly Cloudy,23.10,44.60,"Updated 21:17 UTC+2:00",,,,,
16/06/18,12600,,,2496,16:35,Partly Cloudy,23.10,49.20,"Updated 21:39 UTC+2:00",,,,,
15/06/18,9100,,,2008,17:05,Mostly Cloudy,22.40,46.80,"Updated 21:19 UTC+2:00",,,,,
14/06/18,4400,,,757,10:50,Cloudy,23.10,35.10,"Updated 19:54 UTC+2:00",,,,,
13/06/18,14500,,,2512,16:30,Fine,22.80,52.30,"Updated 21:36 UTC+2:00",,,,,
12/06/18,5000,,,1294,15:40,Cloudy,24.30,38.50,"Updated 20:25 UTC+2:00",,,,,
11/06/18,16500,,,2217,15:20,Fine,23.90,54.50,"Updated 21:08 UTC+2:00",,,,,
10/06/18,15200,,,2507,17:00,Fine,24.00,52.50,"Updated 21:18 UTC+2:00",,,,,
09/06/18,11600,,,2168,17:55,Partly Cloudy,23.60,46.90,"Updated 20:55 UTC+2:00",,,,,
08/06/18,2500,,,706,14:55,Showers,25.80,35.70,"Updated 19:01 UTC+2:00",,,,,
07/06/18,14500,,,2003,17:45,Fine,24.70,56.00,"Updated 21:01 UTC+2:00",,,,,
06/06/18,16000,,,2041,17:10,Fine,23.40,54.50,"Updated 21:55 UTC+2:00",,,,,
05/06/18,15500,,,2492,16:20,Fine,23.40,52.00,"Updated 21:06 UTC+2:00",,,,,
04/06/18,7300,,,2408,15:30,Mostly Cloudy,24.00,44.10,"Updated 19:41 UTC+2:00",,,,,
03/06/18,15400,,,2260,17:15,Fine,23.30,53.60,"Updated 21:18 UTC+2:00",,,,,
02/06/18,3600,,,1370,13:25,Cloudy,24.60,36.00,"Updated 19:23 UTC+2:00",,,,,
01/06/18,8700,,,2083,17:05,Mostly Cloudy,25.60,48.20,"Updated 18:58 UTC+2:00",,,,,
31/05/18,11900,,,2277,14:40,Partly Cloudy,26.40,51.80,"Updated 20:59 UTC+2:00",,,,,
30/05/18,11000,,,2217,15:40,Partly Cloudy,26.20,55.50,"Updated 20:41 UTC+2:00",,,,,
29/05/18,9400,,,1977,16:25,Mostly Cloudy,26.40,55.30,"Updated 18:17 UTC+2:00",,,,,
28/05/18,14200,,,2122,16:50,Fine,25.20,54.20,"Updated 21:17 UTC+2:00",,,,,
27/05/18,9800,,,2130,15:50,Mostly Cloudy,25.00,49.60,"Updated 20:01 UTC+2:00",,,,,
26/05/18,13600,,,1906,16:15,Fine,24.20,52.60,"Updated 19:29 UTC+2:00",,,,,
25/05/18,11300,,,2153,16:05,Partly Cloudy,23.60,47.20,"Updated 20:36 UTC+2:00",,,,,
24/05/18,8700,,,2144,18:05,Mostly Cloudy,23.60,44.40,"Updated 19:51 UTC+2:00",,,,,
23/05/18,13900,,,2144,15:20,Fine,22.50,51.50,"Updated 20:59 UTC+2:00",,,,,
22/05/18,9000,,,2162,16:55,Mostly Cloudy,22.50,49.10,"Updated 21:07 UTC+2:00",,,,,
21/05/18,15400,,,2071,16:35,Fine,20.60,52.70,"Updated 20:53 UTC+2:00",,,,,
20/05/18,15500,,,2026,16:15,Fine,18.40,49.60,"Updated 20:58 UTC+2:00",,,,,
19/05/18,4100,,,866,14:00,Cloudy,19.60,32.10,"Updated 20:23 UTC+2:00",,,,,
18/05/18,8800,,,2540,16:35,Mostly Cloudy,20.90,40.30,"Updated 19:56 UTC+2:00",,,,,
17/05/18,14900,,,2467,17:10,Fine,21.40,47.90,"Updated 21:00 UTC+2:00",,,,,
16/05/18,13400,,,2490,15:50,Partly Cloudy,23.50,50.40,"Updated 20:38 UTC+2:00",,,,,
15/05/18,15400,,,1998,16:20,Fine,22.50,52.90,"Updated 20:54 UTC+2:00",,,,,
14/05/18,15700,,,2063,16:10,Fine,20.60,51.80,"Updated 20:58 UTC+2:00",,,,,
13/05/18,3900,,,810,12:45,Cloudy,22.90,33.80,"Updated 18:21 UTC+2:00",,,,,
12/05/18,12800,,,2410,15:20,Partly Cloudy,21.60,50.50,"Updated 20:07 UTC+2:00",,,,,
11/05/18,15300,,,2106,16:50,Fine,21.70,51.00,"Updated 20:31 UTC+2:00",,,,,
10/05/18,11600,,,2515,15:35,Partly Cloudy,24.30,51.60,"Updated 20:53 UTC+2:00",,,,,
09/05/18,14000,,,2030,16:35,Fine,23.80,54.10,"Updated 20:33 UTC+2:00",,,,,
08/05/18,14500,,,1963,16:35,Fine,22.90,53.90,"Updated 20:33 UTC+2:00",,,,,
07/05/18,15300,,,2027,16:20,Fine,21.50,53.10,"Updated 20:44 UTC+2:00",,,,,
06/05/18,15600,,,2070,16:15,Fine,20.80,51.80,"Updated 20:32 UTC+2:00",,,,,
05/05/18,15700,,,2120,16:10,Fine,25.70,51.30,"Updated 17:24 UTC+2:00",,,,,
04/05/18,15100,,,2158,16:40,Fine,24.30,50.20,"Updated 16:53 UTC+2:00",,,,,
03/05/18,11600,,,2472,16:50,Partly Cloudy,22.50,49.50,"Updated 16:52 UTC+2:00",,,,,
02/05/18,15200,,,2419,15:55,Fine,22.90,47.90,"Updated 16:54 UTC+2:00",,,,,
01/05/18,10400,,,2427,16:30,Mostly Cloudy,16.40,44.10,"Updated 20:43 UTC+2:00",,,,,
30/04/18,1300,,,632,16:20,Showers,16.90,27.70,"Updated 16:26 UTC+2:00",,,,,
29/04/18,4100,,,523,12:30,Cloudy,17.30,27.80,"Updated 14:27 UTC+2:00",,,,,
28/04/18,4800,,,1067,13:25,Cloudy,18.10,31.20,"Updated 14:29 UTC+2:00",,,,,
27/04/18,12900,,,1953,13:25,Partly Cloudy,25.20,36.10,"Updated 20:42 UTC+2:00",,,,,
26/04/18,12800,,,2511,16:40,Partly Cloudy,26.10,46.70,"Updated 17:42 UTC+2:00",,,,,
25/04/18,8000,,,2567,14:40,Mostly Cloudy,20.30,43.10,"Updated 19:57 UTC+2:00",,,,,
24/04/18,10400,,,2122,14:55,Partly Cloudy,24.80,40.60,"Updated 15:21 UTC+2:00",,,,,
23/04/18,11800,,,2456,16:55,Partly Cloudy,26.10,46.40,"Updated 17:12 UTC+2:00",,,,,
22/04/18,13200,,,1921,14:50,Fine,28.90,48.00,"Updated 15:26 UTC+2:00",,,,,
21/04/18,13800,,,2035,16:30,Fine,28.30,52.00,"Updated 16:52 UTC+2:00",,,,,
20/04/18,13000,,,2012,16:00,Fine,28.20,53.00,"Updated 16:51 UTC+2:00",,,,,
19/04/18,13400,,,1985,16:45,Fine,26.70,51.00,"Updated 16:48 UTC+2:00",,,,,
18/04/18,12600,,,1980,16:15,Partly Cloudy,25.10,49.70,"Updated 16:39 UTC+2:00",,,,,
17/04/18,14300,,,2043,15:00,Fine,25.90,45.70,"Updated 17:41 UTC+2:00",,,,,
16/04/18,9700,,,2458,15:40,Mostly Cloudy,18.00,48.60,"Updated 20:06 UTC+2:00",,,,,
15/04/18,8100,,,2197,13:45,Mostly Cloudy,18.10,39.50,"Updated 14:41 UTC+2:00",,,,,
14/04/18,5000,,,1642,17:50,Cloudy,18.10,39.30,"Updated 18:02 UTC+2:00",,,,,
13/04/18,4400,,,1648,15:55,Cloudy,18.20,37.80,"Updated 16:25 UTC+2:00",,,,,
12/04/18,8900,,,1355,17:15,Mostly Cloudy,22.60,32.70,"Updated 17:14 UTC+2:00",,,,,
11/04/18,7200,,,1885,14:05,Mostly Cloudy,18.90,46.20,"Updated 19:51 UTC+2:00",,,,,
10/04/18,5700,,,1296,14:40,Mostly Cloudy,19.00,37.60,"Updated 14:52 UTC+2:00",,,,,
09/04/18,8700,,,1164,14:35,Mostly Cloudy,22.70,35.00,"Updated 15:33 UTC+2:00",,,,,
08/04/18,10000,,,1800,14:00,Mostly Cloudy,22.60,42.50,"Updated 17:21 UTC+2:00",,,,,
07/04/18,10500,,,1890,15:40,Partly Cloudy,20.70,43.00,"Updated 16:10 UTC+2:00",,,,,
06/04/18,11300,,,2173,16:15,Partly Cloudy,20.30,46.20,"Updated 16:16 UTC+2:00",,,,,
05/04/18,7400,,,2539,15:05,Mostly Cloudy,16.80,43.60,"Updated 19:48 UTC+2:00",,,,,
04/04/18,4500,,,1923,17:00,Cloudy,24.80,33.70,"Updated 19:08 UTC+2:00",,,,,
03/04/18,5600,,,2067,14:35,Cloudy,15.70,35.80,"Updated 15:42 UTC+2:00",,,,,
02/04/18,2700,,,1509,17:00,Cloudy,15.90,31.90,"Updated 17:08 UTC+2:00",,,,,
01/04/18,2800,,,633,15:00,Cloudy,16.40,27.40,"Updated 15:00 UTC+2:00",,,,,
31/03/18,6200,,,1792,13:55,Mostly Cloudy,16.50,38.20,"Updated 14:32 UTC+2:00",,,,,
30/03/18,11700,,,2050,14:25,Partly Cloudy,17.70,36.90,"Updated 00:40 UTC+2:00",,,,,
29/03/18,7900,,,2336,16:25,Mostly Cloudy,16.10,43.10,"Updated 19:19 UTC+2:00",,,,,
28/03/18,2000,,,337,10:55,Showers,16.20,25.70,"Updated 14:02 UTC+2:00",,,,,
27/03/18,8200,,,579,13:25,Mostly Cloudy,18.30,27.70,"Updated 14:36 UTC+2:00",,,,,
26/03/18,6800,,,2130,15:05,Mostly Cloudy,16.40,40.90,"Updated 17:00 UTC+2:00",,,,,
25/03/18,8100,,,1737,15:35,Mostly Cloudy,16.90,38.30,"Updated 15:58 UTC+2:00",,,,,
24/03/18,5100,,,2085,15:40,Cloudy,15.80,39.30,"Updated 18:31 UTC+1:00",,,,,
23/03/18,8100,,,739,13:15,Partly Cloudy,20.40,28.10,"Updated 13:38 UTC+1:00",,,,,
21/03/18,4500,,,1111,17:45,Cloudy,31.70,34.40,"Updated 17:59 UTC+1:00",,,,,
19/03/18,12300,,,,16:50,Fine,,,,,,,0.0000,0.0000
18/03/18,12000,,,,16:50,Fine,,,,,,,0.0000,0.0000
17/03/18,6200,,,,16:50,Fine,,,,,,,0.0000,0.0000
16/03/18,1400,,,,16:50,Fine,,,,,,,0.0000,0.0000
15/03/18,3800,,,,16:50,Fine,,,,,,,0.0000,0.0000
14/03/18,10700,,,,16:50,Fine,,,,,,,0.0000,0.0000
13/03/18,3500,,,,16:50,Fine,,,,,,,0.0000,0.0000
12/03/18,5300,,,,16:50,Fine,,,,,,,0.0000,0.0000
11/03/18,5300,,,,16:50,Fine,,,,,,,0.0000,0.0000
10/03/18,5300,,,,16:50,Fine,,,,,,,0.0000,0.0000
09/03/18,5300,,,,16:50,Fine,,,,,,,0.0000,0.0000
08/03/18,5300,,,,16:50,Fine,,,,,,,0.0000,0.0000
07/03/18,5300,,,,16:50,Fine,,,,,,,0.0000,0.0000
06/03/18,5300,,,,16:50,Fine,,,,,,,0.0000,0.0000
05/03/18,5200,,,,16:50,Fine,,,,,,,0.0000,0.0000
04/03/18,4300,,,1270,12:50,Cloudy,21.40,30.00,"Updated 18:12 UTC+1:00",,,,,
03/03/18,3900,,,1478,15:30,Cloudy,,,"Updated 18:10 UTC+1:00",,,,,
02/03/18,8300,,,1774,14:20,Mostly Cloudy,,,"Updated 18:15 UTC+1:00",,,,,
01/03/18,6200,,,1496,14:40,Cloudy,,,"Updated 18:16 UTC+1:00",,,,,
28/02/18,7100,,,2041,14:35,Mostly Cloudy,,,"Updated 18:22 UTC+1:00",,,,,
27/02/18,8400,,,1922,15:50,Mostly Cloudy,,,"Updated 18:21 UTC+1:00",,,,,
26/02/18,8300,,,1940,14:55,Mostly Cloudy,,,"Updated 21:00 UTC+1:00",,,,,
25/02/18,9000,,,1803,15:05,Mostly Cloudy,,,"Updated 18:21 UTC+1:00",,,,,
24/02/18,8500,,,1795,14:50,Mostly Cloudy,,,"Updated 18:15 UTC+1:00",,,,,
23/02/18,8600,,,1792,15:30,Mostly Cloudy,,,"Updated 18:18 UTC+1:00",,,,,
22/02/18,6700,,,1797,15:15,Cloudy,,,"Updated 18:09 UTC+1:00",,,,,
21/02/18,7200,,,1538,14:45,Mostly Cloudy,,,"Updated 18:09 UTC+1:00",,,,,
20/02/18,2000,,,361,13:25,Showers,,,"Updated 18:00 UTC+1:00",,,,,
19/02/18,1300,,,313,12:40,Showers,,,"Updated 17:20 UTC+1:00",,,,,
18/02/18,3600,,,1485,14:35,Cloudy,,,"Updated 14:35 UTC+1:00",,,,,
17/02/18,7300,,,1569,14:55,Mostly Cloudy,,,"Updated 18:04 UTC+1:00",,,,,
16/02/18,6900,,,1682,14:55,Mostly Cloudy,,,"Updated 17:56 UTC+1:00",,,,,
15/02/18,3200,,,1606,15:55,Cloudy,,,"Updated 18:00 UTC+1:00",,,,,
14/02/18,5700,,,1724,14:50,Cloudy,,,"Updated 17:39 UTC+1:00",,,,,
13/02/18,7300,,,1624,15:00,Mostly Cloudy,,,"Updated 17:52 UTC+1:00",,,,,
12/02/18,5200,,,1790,14:30,Cloudy,,,"Updated 17:46 UTC+1:00",,,,,
11/02/18,2600,,,1706,15:35,Showers,,,"Updated 17:33 UTC+1:00",,,,,
10/02/18,5600,,,1706,15:10,Cloudy,,,"Updated 17:37 UTC+1:00",,,,,
09/02/18,1600,,,398,11:45,Showers,,,"Updated 17:28 UTC+1:00",,,,,
08/02/18,4600,,,1460,14:45,Cloudy,,,"Updated 17:39 UTC+1:00",,,,,
07/02/18,5900,,,1648,15:20,Cloudy,,,"Updated 17:34 UTC+1:00",,,,,
06/02/18,6800,,,1541,14:55,Mostly Cloudy,,,"Updated 17:50 UTC+1:00",,,,,
05/02/18,1800,,,1170,13:20,Showers,,,"Updated 17:17 UTC+1:00",,,,,
04/02/18,2400,,,1409,13:25,Showers,,,"Updated 17:10 UTC+1:00",,,,,
03/02/18,2000,,,1173,14:20,Showers,,,"Updated 16:31 UTC+1:00",,,,,
02/02/18,3200,,,1759,14:45,Cloudy,,,"Updated 17:38 UTC+1:00",,,,,
01/02/18,2700,,,1594,14:30,Cloudy,,,"Updated 17:21 UTC+1:00",,,,,
31/01/18,500,,,330,14:30,Showers,,,"Updated 17:16 UTC+1:00",,,,,
30/01/18,5300,,,1467,14:40,Cloudy,,,"Updated 17:38 UTC+1:00",,,,,
29/01/18,900,,,268,13:30,Showers,,,"Updated 16:54 UTC+1:00",,,,,
28/01/18,1100,,,542,13:25,Showers,,,"Updated 17:05 UTC+1:00",,,,,
27/01/18,1800,,,1169,13:30,Showers,,,"Updated 16:52 UTC+1:00",,,,,
26/01/18,1300,,,734,13:50,Showers,,,"Updated 16:32 UTC+1:00",,,,,
25/01/18,1300,,,435,12:55,Showers,,,"Updated 16:57 UTC+1:00",,,,,
24/01/18,500,,,343,15:05,Showers,,,"Updated 16:41 UTC+1:00",,,,,
23/01/18,700,,,327,11:40,Showers,,,"Updated 16:31 UTC+1:00",,,,,
22/01/18,1100,,,309,13:05,Showers,,,"Updated 17:20 UTC+1:00",,,,,
21/01/18,2300,,,1056,13:20,Showers,,,"Updated 16:56 UTC+1:00",,,,,
20/01/18,700,,,175,10:45,Showers,,,"Updated 16:45 UTC+1:00",,,,,
19/01/18,2600,,,1536,14:55,Showers,,,"Updated 06:00 UTC+1:00",,,,,
18/01/18,1600,,,1047,13:25,Showers,,,"Updated 05:00 UTC+1:00",,,,,
17/01/18,1600,,,1089,12:50,Showers,,,"Updated 03:00 UTC+1:00",,,,,
16/01/18,1500,,,1009,13:20,Showers,,,"Updated 02:00 UTC+1:00",,,,,
15/01/18,100,,,168,11:50,Showers,,,"Updated 00:00 UTC+1:00",,,,,
14/01/18,1900,,,841,13:55,Showers,,,"Updated 23:00 UTC+1:00",,,,,
13/01/18,400,,,179,13:25,Showers,,,"Updated 22:00 UTC+1:00",,,,,
12/01/18,900,,,831,13:50,Showers,,,"Updated 16:38 UTC+1:00",,,,,
11/01/18,400,,,164,11:35,Showers,,,"Updated 16:30 UTC+1:00",,,,,
10/01/18,200,,,83,10:55,Showers,,,"Updated 16:20 UTC+1:00",,,,,
09/01/18,1300,,,657,13:15,Showers,,,"Updated 16:19 UTC+1:00",,,,,
08/01/18,3700,,,1049,14:25,Cloudy,,,"Updated 16:49 UTC+1:00",,,,,
07/01/18,4200,,,1211,14:40,Cloudy,,,"Updated 16:46 UTC+1:00",,,,,
06/01/18,1300,,,396,13:20,Showers,,,"Updated 16:36 UTC+1:00",,,,,
05/01/18,500,,,175,12:10,Showers,,,"Updated 16:52 UTC+1:00",,,,,
04/01/18,600,,,314,12:15,Showers,,,"Updated 16:23 UTC+1:00",,,,,
03/01/18,200,,,130,14:55,Showers,,,"Updated 16:06 UTC+1:00",,,,,
02/01/18,800,,,336,11:55,Showers,,,"Updated 16:08 UTC+1:00",,,,,
01/01/18,1200,,,879,13:20,Showers,,,"Updated 16:20 UTC+1:00",,,,,
31/12/17,200,,,107,12:10,Showers,,,"Updated 15:55 UTC+1:00",,,,,
30/12/17,0,,,33,15:45,Not Sure,,,"Updated 16:30 UTC+1:00",,,,,
24/12/17,300,,,315,14:05,Showers,,,"Updated 15:40 UTC+1:00",,,,,
23/12/17,100,,,49,12:25,Showers,,,"Updated 15:47 UTC+1:00",,,,,
22/12/17,700,,,266,13:20,Showers,,,"Updated 16:14 UTC+1:00",,,,,
21/12/17,400,,,202,12:50,Showers,,,"Updated 16:09 UTC+1:00",,,,,
20/12/17,200,,,93,14:20,Showers,,,"Updated 16:06 UTC+1:00",,,,,
19/12/17,800,,,243,12:05,Showers,,,"Updated 16:10 UTC+1:00",,,,,
18/12/17,700,,,188,14:50,Showers,,,"Updated 16:08 UTC+1:00",,,,,
17/12/17,2000,,,891,13:25,Showers,,,"Updated 16:14 UTC+1:00",,,,,
16/12/17,1600,,,1177,12:55,Showers,,,"Updated 16:15 UTC+1:00",,,,,
15/12/17,200,,,107,14:00,Showers,,,"Updated 16:03 UTC+1:00",,,,,
14/12/17,1900,,,1068,14:45,Showers,,,"Updated 16:27 UTC+1:00",,,,,
13/12/17,300,,,168,14:05,Showers,,,"Updated 16:14 UTC+1:00",,,,,
12/12/17,1700,,,1289,13:55,Showers,,,"Updated 16:24 UTC+1:00",,,,,
10/12/17,0,,,28,11:45,Not Sure,,,"Updated 15:25 UTC+1:00",,,,,
09/12/17,500,,,594,11:35,Showers,,,"Updated 16:15 UTC+1:00",,,,,
08/12/17,800,,,953,14:20,Showers,,,"Updated 15:58 UTC+1:00",,,,,
07/12/17,100,,,121,12:00,Showers,,,"Updated 15:17 UTC+1:00",,,,,
06/12/17,400,,,139,11:20,Showers,,,"Updated 15:47 UTC+1:00",,,,,
05/12/17,400,,,148,14:05,Showers,,,"Updated 15:46 UTC+1:00",,,,,
04/12/17,700,,,436,11:50,Showers,,,"Updated 16:44 UTC+1:00",,,,,
03/12/17,1300,,,1110,13:35,Showers,,,"Updated 16:21 UTC+1:00",,,,,
02/12/17,1000,,,335,12:30,Showers,,,"Updated 16:18 UTC+1:00",,,,,
01/12/17,1900,,,1176,13:55,Showers,,,"Updated 16:22 UTC+1:00",,,,,
30/11/17,900,,,433,11:20,Showers,,,"Updated 16:27 UTC+1:00",,,,,
29/11/17,1200,,,465,14:35,Showers,,,"Updated 16:18 UTC+1:00",,,,,
28/11/17,1600,,,1195,15:00,Showers,,,"Updated 16:28 UTC+1:00",,,,,
27/11/17,400,,,174,13:55,Showers,,,"Updated 16:27 UTC+1:00",,,,,
26/11/17,2600,,,1281,14:45,Cloudy,,,"Updated 16:36 UTC+1:00",,,,,
25/11/17,300,,,231,15:40,Showers,,,"Updated 16:37 UTC+1:00",,,,,
24/11/17,0,,,95,09:35,Not Sure,,,"Updated 10:01 UTC+1:00",,,,,
23/11/17,1900,,,1352,14:40,Showers,,,"Updated 16:43 UTC+1:00",,,,,
22/11/17,3300,,,1014,14:10,Cloudy,,,"Updated 16:41 UTC+1:00",,,,,
21/11/17,200,,,74,13:25,Showers,,,"Updated 15:52 UTC+1:00",,,,,
20/11/17,300,,,126,10:40,Showers,,,"Updated 15:52 UTC+1:00",,,,,
19/11/17,3400,,,1447,14:05,Cloudy,,,"Updated 16:32 UTC+1:00",,,,,
18/11/17,1500,,,1169,12:35,Showers,,,"Updated 16:16 UTC+1:00",,,,,
17/11/17,3700,,,1285,14:20,Cloudy,,,"Updated 16:36 UTC+1:00",,,,,
16/11/17,400,,,120,12:00,Showers,,,"Updated 16:37 UTC+1:00",,,,,
15/11/17,400,,,253,13:00,Showers,,,"Updated 15:59 UTC+1:00",,,,,
14/11/17,600,,,256,09:55,Showers,,,"Updated 16:02 UTC+1:00",,,,,
13/11/17,4000,,,1379,13:25,Cloudy,,,"Updated 16:43 UTC+1:00",,,,,
12/11/17,2000,,,1075,12:40,Showers,,,"Updated 16:57 UTC+1:00",,,,,
11/11/17,1900,,,980,14:15,Showers,,,"Updated 16:51 UTC+1:00",,,,,
10/11/17,2300,,,1266,15:00,Showers,,,"Updated 16:56 UTC+1:00",,,,,
09/11/17,2100,,,1177,12:40,Showers,,,"Updated 16:26 UTC+1:00",,,,,
08/11/17,600,,,225,13:30,Showers,,,"Updated 16:23 UTC+1:00",,,,,
07/11/17,5600,,,1362,14:15,Cloudy,,,"Updated 17:01 UTC+1:00",,,,,
06/11/17,4500,,,1753,13:50,Cloudy,,,"Updated 17:07 UTC+1:00",,,,,
05/11/17,2200,,,1636,13:30,Showers,,,"Updated 17:01 UTC+1:00",,,,,
04/11/17,1900,,,925,12:30,Showers,,,"Updated 16:29 UTC+1:00",,,,,
03/11/17,1900,,,1133,12:25,Showers,,,"Updated 16:47 UTC+1:00",,,,,
02/11/17,2400,,,1132,12:35,Showers,,,"Updated 16:52 UTC+1:00",,,,,
01/11/17,2000,,,683,12:45,Showers,,,"Updated 16:57 UTC+1:00",,,,,
31/10/17,1000,,,263,12:20,Showers,,,"Updated 16:59 UTC+1:00",,,,,
30/10/17,4000,,,1741,14:30,Cloudy,,,"Updated 17:06 UTC+1:00",,,,,
29/10/17,4900,,,1644,14:10,Cloudy,,,"Updated 17:15 UTC+1:00",,,,,
28/10/17,900,,,322,12:15,Showers,,,"Updated 17:21 UTC+2:00",,,,,
27/10/17,4500,,,1874,15:55,Cloudy,,,"Updated 18:34 UTC+2:00",,,,,
26/10/17,2600,,,941,14:05,Showers,,,"Updated 18:04 UTC+2:00",,,,,
25/10/17,3800,,,2030,15:20,Cloudy,,,"Updated 18:28 UTC+2:00",,,,,
24/10/17,700,,,256,11:10,Showers,,,"Updated 17:59 UTC+2:00",,,,,
23/10/17,4400,,,1712,15:05,Cloudy,,,"Updated 18:27 UTC+2:00",,,,,
22/10/17,2000,,,1151,13:25,Showers,,,"Updated 18:12 UTC+2:00",,,,,
21/10/17,4800,,,1739,14:35,Cloudy,,,"Updated 18:27 UTC+2:00",,,,,
20/10/17,1200,,,529,11:55,Showers,,,"Updated 17:59 UTC+2:00",,,,,
19/10/17,4100,,,1353,14:15,Cloudy,,,"Updated 18:36 UTC+2:00",,,,,
18/10/17,5100,,,1277,14:50,Cloudy,,,"Updated 18:36 UTC+2:00",,,,,
17/10/17,2100,,,410,12:50,Showers,,,"Updated 18:39 UTC+2:00",,,,,
16/10/17,6000,,,1175,15:30,Cloudy,,,"Updated 18:34 UTC+2:00",,,,,
15/10/17,7200,,,1473,15:30,Mostly Cloudy,,,"Updated 18:45 UTC+2:00",,,,,
14/10/17,5700,,,1590,16:45,Cloudy,,,"Updated 18:52 UTC+2:00",,,,,
13/10/17,2300,,,1083,12:40,Showers,,,"Updated 18:49 UTC+2:00",,,,,
12/10/17,5700,,,1570,15:30,Cloudy,,,"Updated 18:55 UTC+2:00",,,,,
11/10/17,1500,,,409,12:40,Showers,,,"Updated 18:20 UTC+2:00",,,,,
10/10/17,1700,,,831,14:40,Showers,,,"Updated 18:17 UTC+2:00",,,,,
09/10/17,1900,,,622,14:40,Showers,,,"Updated 18:17 UTC+2:00",,,,,
08/10/17,3600,,,1716,14:35,Cloudy,,,"Updated 18:50 UTC+2:00",,,,,
07/10/17,700,,,192,12:30,Showers,,,"Updated 18:35 UTC+2:00",,,,,
06/10/17,5900,,,2232,15:15,Cloudy,,,"Updated 18:57 UTC+2:00",,,,,
05/10/17,6800,,,2142,15:55,Mostly Cloudy,,,"Updated 19:12 UTC+2:00",,,,,
04/10/17,2400,,,657,13:20,Showers,,,"Updated 18:53 UTC+2:00",,,,,
03/10/17,6800,,,2083,15:15,Mostly Cloudy,,,"Updated 19:09 UTC+2:00",,,,,
02/10/17,2600,,,1562,15:20,Showers,,,"Updated 19:05 UTC+2:00",,,,,
01/10/17,3500,,,1687,13:50,Cloudy,,,"Updated 18:57 UTC+2:00",,,,,
30/09/17,2000,,,1717,17:40,Showers,,,"Updated 18:25 UTC+2:00",,,,,
29/09/17,4500,,,1857,15:55,Cloudy,,,"Updated 18:30 UTC+2:00",,,,,
28/09/17,2900,,,1303,13:20,Cloudy,,,"Updated 19:02 UTC+2:00",,,,,
27/09/17,6900,,,1570,14:20,Mostly Cloudy,,,"Updated 19:23 UTC+2:00",,,,,
26/09/17,3300,,,1416,16:20,Cloudy,,,"Updated 19:26 UTC+2:00",,,,,
25/09/17,5800,,,1712,16:20,Cloudy,,,"Updated 19:23 UTC+2:00",,,,,
24/09/17,9200,,,1598,15:10,Mostly Cloudy,,,"Updated 19:30 UTC+2:00",,,,,
23/09/17,10600,,,1831,16:05,Mostly Cloudy,,,"Updated 19:42 UTC+2:00",,,,,
22/09/17,2400,,,785,18:35,Showers,,,"Updated 19:43 UTC+2:00",,,,,
21/09/17,6600,,,1513,17:00,Cloudy,,,"Updated 19:34 UTC+2:00",,,,,
20/09/17,7700,,,2063,16:00,Mostly Cloudy,,,"Updated 19:36 UTC+2:00",,,,,
19/09/17,6600,,,2085,14:45,Cloudy,,,"Updated 19:49 UTC+2:00",,,,,
18/09/17,7600,,,2092,17:10,Mostly Cloudy,,,"Updated 19:48 UTC+2:00",,,,,
17/09/17,5700,,,1708,13:55,Cloudy,,,"Updated 19:44 UTC+2:00",,,,,
16/09/17,4600,,,1257,15:35,Cloudy,,,"Updated 19:42 UTC+2:00",,,,,
15/09/17,8600,,,2245,15:55,Mostly Cloudy,,,"Updated 19:21 UTC+2:00",,,,,
14/09/17,2200,,,589,10:45,Showers,,,"Updated 19:48 UTC+2:00",,,,,
13/09/17,8300,,,2436,15:15,Mostly Cloudy,,,"Updated 21:17 UTC+2:00",,,,,
12/09/17,8500,,,2331,15:10,Mostly Cloudy,,,"Updated 20:00 UTC+2:00",,,,,
11/09/17,4200,,,2194,14:40,Cloudy,,,"Updated 19:13 UTC+2:00",,,,,
10/09/17,4700,,,2327,15:35,Cloudy,,,"Updated 19:48 UTC+2:00",,,,,
09/09/17,6900,,,2356,15:45,Mostly Cloudy,,,"Updated 20:08 UTC+2:00",,,,,
08/09/17,1700,,,478,14:15,Showers,,,"Updated 19:50 UTC+2:00",,,,,
07/09/17,6600,,,2011,15:10,Cloudy,,,"Updated 19:58 UTC+2:00",,,,,
06/09/17,5700,,,2455,15:55,Cloudy,,,"Updated 19:50 UTC+2:00",,,,,
05/09/17,4000,,,1955,14:25,Cloudy,,,"Updated 20:07 UTC+2:00",,,,,
04/09/17,7500,,,1906,15:25,Mostly Cloudy,,,"Updated 20:03 UTC+2:00",,,,,
03/09/17,6400,,,1853,14:40,Cloudy,,,"Updated 20:15 UTC+2:00",,,,,
02/09/17,7400,,,2301,16:50,Mostly Cloudy,,,"Updated 20:24 UTC+2:00",,,,,
01/09/17,10100,,,2041,15:50,Mostly Cloudy,,,"Updated 20:20 UTC+2:00",,,,,
31/08/17,9100,,,2148,16:40,Mostly Cloudy,,,"Updated 20:48 UTC+2:00",,,,,
30/08/17,1000,,,1140,11:50,Showers,,,"Updated 20:02 UTC+2:00",,,,,
29/08/17,8700,,,1984,15:10,Mostly Cloudy,,,"Updated 20:25 UTC+2:00",,,,,
28/08/17,10300,,,1731,16:25,Mostly Cloudy,,,"Updated 20:40 UTC+2:00",,,,,
27/08/17,11000,,,2171,16:20,Partly Cloudy,,,"Updated 20:40 UTC+2:00",,,,,
26/08/17,7700,,,2195,15:25,Mostly Cloudy,,,"Updated 20:19 UTC+2:00",,,,,
25/08/17,9100,,,1606,14:55,Mostly Cloudy,,,"Updated 20:58 UTC+2:00",,,,,
24/08/17,9400,,,2242,16:45,Mostly Cloudy,,,"Updated 20:33 UTC+2:00",,,,,
23/08/17,7500,,,1686,14:40,Mostly Cloudy,,,"Updated 20:38 UTC+2:00",,,,,
22/08/17,11700,,,2046,17:15,Partly Cloudy,,,"Updated 20:46 UTC+2:00",,,,,
21/08/17,8700,,,1698,16:15,Mostly Cloudy,,,"Updated 20:48 UTC+2:00",,,,,
20/08/17,10400,,,2209,14:50,Mostly Cloudy,,,"Updated 20:44 UTC+2:00",,,,,
19/08/17,9400,,,2499,17:10,Mostly Cloudy,,,"Updated 20:40 UTC+2:00",,,,,
18/08/17,9700,,,2201,16:50,Mostly Cloudy,,,"Updated 20:46 UTC+2:00",,,,,
17/08/17,2900,,,1668,19:05,Cloudy,,,"Updated 21:11 UTC+2:00",,,,,
16/08/17,9200,,,1900,18:45,Mostly Cloudy,,,"Updated 21:02 UTC+2:00",,,,,
15/08/17,4700,,,1850,16:35,Cloudy,,,"Updated 21:02 UTC+2:00",,,,,
14/08/17,12500,,,1951,16:10,Partly Cloudy,,,"Updated 21:06 UTC+2:00",,,,,
13/08/17,11500,,,2303,16:35,Partly Cloudy,,,"Updated 20:59 UTC+2:00",,,,,
12/08/17,5600,,,1970,13:40,Cloudy,,,"Updated 21:06 UTC+2:00",,,,,
11/08/17,11900,,,2263,17:05,Partly Cloudy,,,"Updated 21:03 UTC+2:00",,,,,
10/08/17,8800,,,2131,15:55,Mostly Cloudy,,,"Updated 21:18 UTC+2:00",,,,,
09/08/17,9800,,,2344,16:15,Mostly Cloudy,,,"Updated 21:18 UTC+2:00",,,,,
08/08/17,3100,,,561,11:40,Cloudy,,,"Updated 20:45 UTC+2:00",,,,,
07/08/17,10900,,,2301,15:30,Partly Cloudy,,,"Updated 21:11 UTC+2:00",,,,,
06/08/17,13900,,,2392,15:45,Fine,,,"Updated 21:16 UTC+2:00",,,,,
05/08/17,11800,,,2520,15:55,Partly Cloudy,,,"Updated 20:46 UTC+2:00",,,,,
04/08/17,10900,,,2446,16:10,Partly Cloudy,,,"Updated 21:23 UTC+2:00",,,,,
03/08/17,11200,,,2483,16:15,Partly Cloudy,,,"Updated 21:22 UTC+2:00",,,,,
02/08/17,7100,,,1518,15:20,Mostly Cloudy,,,"Updated 21:03 UTC+2:00",,,,,
01/08/17,12200,,,2341,16:55,Partly Cloudy,,,"Updated 21:30 UTC+2:00",,,,,
31/07/17,11600,,,2145,16:20,Partly Cloudy,,,"Updated 21:44 UTC+2:00",,,,,
30/07/17,11300,,,2661,15:10,Partly Cloudy,,,"Updated 21:28 UTC+2:00",,,,,
29/07/17,7700,,,2304,15:35,Mostly Cloudy,,,"Updated 21:05 UTC+2:00",,,,,
28/07/17,9700,,,2487,15:05,Mostly Cloudy,,,"Updated 21:30 UTC+2:00",,,,,
27/07/17,10400,,,2510,15:50,Mostly Cloudy,,,"Updated 21:34 UTC+2:00",,,,,
26/07/17,11400,,,2104,15:55,Partly Cloudy,,,"Updated 20:46 UTC+2:00",,,,,
25/07/17,6000,,,1399,15:15,Cloudy,,,"Updated 21:54 UTC+2:00",,,,,
24/07/17,9700,,,2286,15:50,Mostly Cloudy,,,"Updated 21:43 UTC+2:00",,,,,
23/07/17,8600,,,2510,15:45,Mostly Cloudy,,,"Updated 21:31 UTC+2:00",,,,,
22/07/17,6900,,,2043,14:30,Mostly Cloudy,,,"Updated 21:56 UTC+2:00",,,,,
21/07/17,15400,,,1987,16:15,Fine,,,"Updated 21:52 UTC+2:00",,,,,
20/07/17,6300,,,1802,14:00,Cloudy,,,"Updated 21:47 UTC+2:00",,,,,
19/07/17,11600,,,2056,14:55,Partly Cloudy,,,"Updated 21:35 UTC+2:00",,,,,
18/07/17,15200,,,2136,17:40,Fine,,,"Updated 21:48 UTC+2:00",,,,,
17/07/17,14300,,,2235,16:00,Fine,,,"Updated 22:01 UTC+2:00",,,,,
16/07/17,3300,,,1007,15:30,Cloudy,,,"Updated 21:21 UTC+2:00",,,,,
15/07/17,7400,,,2054,14:35,Mostly Cloudy,,,"Updated 16:14 UTC+2:00",,,,,
14/07/17,10300,,,2698,17:30,Mostly Cloudy,,,"Updated 21:52 UTC+2:00",,,,,
13/07/17,7100,,,2120,14:15,Mostly Cloudy,,,"Updated 21:53 UTC+2:00",,,,,
12/07/17,10100,,,2541,16:10,Mostly Cloudy,,,"Updated 21:58 UTC+2:00",,,,,
11/07/17,9100,,,2433,17:40,Mostly Cloudy,,,"Updated 21:08 UTC+2:00",,,,,
10/07/17,9000,,,2233,14:25,Mostly Cloudy,,,"Updated 21:38 UTC+2:00",,,,,
09/07/17,15100,,,2147,16:30,Fine,,,"Updated 22:16 UTC+2:00",,,,,
08/07/17,4900,,,1738,16:00,Cloudy,,,"Updated 22:12 UTC+2:00",,,,,
07/07/17,1300,,,601,10:25,Cloudy,,,"Updated 11:19 UTC+2:00",,,,,
06/07/17,9500,,,2035,18:40,Mostly Cloudy,,,"Updated 20:51 UTC+2:00",,,,,
05/07/17,14300,,,2178,16:30,Fine,,,"Updated 22:01 UTC+2:00",,,,,
04/07/17,15500,,,2534,17:05,Fine,,,"Updated 22:08 UTC+2:00",,,,,
03/07/17,7600,,,2299,15:50,Mostly Cloudy,,,"Updated 21:51 UTC+2:00",,,,,
02/07/17,13700,,,2710,15:20,Fine,,,"Updated 21:42 UTC+2:00",,,,,
01/07/17,8800,,,2412,18:20,Mostly Cloudy,,,"Updated 22:04 UTC+2:00",,,,,
30/06/17,6700,,,1620,14:15,Cloudy,,,"Updated 21:35 UTC+2:00",,,,,
29/06/17,5000,,,1469,15:15,Cloudy,,,"Updated 21:38 UTC+2:00",,,,,
28/06/17,3700,,,1251,12:55,Cloudy,,,"Updated 22:47 UTC+2:00",,,,,
27/06/17,9200,,,1932,14:00,Mostly Cloudy,,,"Updated 21:43 UTC+2:00",,,,,
26/06/17,10400,,,2288,18:35,Mostly Cloudy,,,"Updated 22:03 UTC+2:00",,,,,
25/06/17,4200,,,933,12:45,Cloudy,,,"Updated 21:24 UTC+2:00",,,,,
24/06/17,5700,,,2708,17:15,Cloudy,,,"Updated 21:35 UTC+2:00",,,,,
23/06/17,11500,,,2520,15:30,Partly Cloudy,,,"Updated 21:45 UTC+2:00",,,,,
22/06/17,7100,,,2239,18:00,Mostly Cloudy,,,"Updated 21:31 UTC+2:00",,,,,
21/06/17,15100,,,2224,18:05,Fine,,,"Updated 21:54 UTC+2:00",,,,,
20/06/17,13400,,,1950,16:05,Partly Cloudy,,,"Updated 22:06 UTC+2:00",,,,,
19/06/17,14600,,,2001,16:20,Fine,,,"Updated 21:53 UTC+2:00",,,,,
18/06/17,16300,,,2004,16:35,Fine,,,"Updated 22:08 UTC+2:00",,,,,
17/06/17,16400,,,2283,16:45,Fine,,,"Updated 22:02 UTC+2:00",,,,,
16/06/17,13400,,,2505,16:55,Partly Cloudy,,,"Updated 22:03 UTC+2:00",,,,,
15/06/17,15800,,,2389,14:50,Fine,,,"Updated 21:57 UTC+2:00",,,,,
14/06/17,15900,,,2100,16:05,Fine,,,"Updated 22:02 UTC+2:00",,,,,
13/06/17,18000,,,2268,16:30,Fine,,,"Updated 22:02 UTC+2:00",,,,,
12/06/17,8100,,,1735,13:40,Mostly Cloudy,,,"Updated 21:05 UTC+2:00",,,,,
11/06/17,9900,,,2560,16:10,Mostly Cloudy,,,"Updated 21:58 UTC+2:00",,,,,
10/06/17,15600,,,2502,15:55,Fine,,,"Updated 22:04 UTC+2:00",,,,,
09/06/17,13900,,,2515,15:45,Fine,,,"Updated 21:50 UTC+2:00",,,,,
08/06/17,11200,,,2213,17:25,Partly Cloudy,,,"Updated 21:51 UTC+2:00",,,,,
07/06/17,7600,,,2699,17:15,Mostly Cloudy,,,"Updated 21:44 UTC+2:00",,,,,
06/06/17,6200,,,2617,14:45,Cloudy,,,"Updated 21:32 UTC+2:00",,,,,
05/06/17,13900,,,2328,14:55,Fine,,,"Updated 21:44 UTC+2:00",,,,,
04/06/17,15700,,,2488,15:25,Fine,,,"Updated 22:04 UTC+2:00",,,,,
03/06/17,14600,,,2237,16:30,Fine,,,"Updated 21:53 UTC+2:00",,,,,
02/06/17,13400,,,2132,15:15,Partly Cloudy,,,"Updated 21:48 UTC+2:00",,,,,
01/06/17,16600,,,2208,16:25,Fine,,,"Updated 21:47 UTC+2:00",,,,,
31/05/17,15700,,,2496,16:10,Fine,,,"Updated 21:55 UTC+2:00",,,,,
30/05/17,7600,,,2317,17:45,Mostly Cloudy,,,"Updated 21:51 UTC+2:00",,,,,
29/05/17,12900,,,1899,14:50,Partly Cloudy,,,"Updated 21:40 UTC+2:00",,,,,
28/05/17,14900,,,2244,17:40,Fine,,,"Updated 21:52 UTC+2:00",,,,,
27/05/17,14300,,,2055,16:00,Fine,,,"Updated 21:53 UTC+2:00",,,,,
26/05/17,16200,,,2056,16:45,Fine,,,"Updated 21:48 UTC+2:00",,,,,
25/05/17,16400,,,2061,16:30,Fine,,,"Updated 21:44 UTC+2:00",,,,,
24/05/17,14800,,,2494,17:20,Fine,,,"Updated 21:53 UTC+2:00",,,,,
23/05/17,15000,,,2312,16:10,Fine,,,"Updated 21:39 UTC+2:00",,,,,
22/05/17,12900,,,2104,16:20,Partly Cloudy,,,"Updated 21:32 UTC+2:00",,,,,
21/05/17,12500,,,2066,17:25,Partly Cloudy,,,"Updated 21:36 UTC+2:00",,,,,
20/05/17,13000,,,2558,16:15,Partly Cloudy,,,"Updated 21:34 UTC+2:00",,,,,
19/05/17,5300,,,317,20:10,Cloudy,,,"Updated 21:44 UTC+2:00",,,,,
18/05/17,6600,,,1698,18:20,Cloudy,,,"Updated 21:27 UTC+2:00",,,,,
17/05/17,11900,,,2296,17:40,Partly Cloudy,,,"Updated 21:28 UTC+2:00",,,,,
16/05/17,9200,,,2229,15:25,Mostly Cloudy,,,"Updated 21:18 UTC+2:00",,,,,
15/05/17,8800,,,2018,15:20,Mostly Cloudy,,,"Updated 21:04 UTC+2:00",,,,,
14/05/17,12200,,,2625,17:25,Partly Cloudy,,,"Updated 21:35 UTC+2:00",,,,,
13/05/17,6100,,,2511,16:50,Cloudy,,,"Updated 21:28 UTC+2:00",,,,,
12/05/17,7100,,,2466,15:05,Mostly Cloudy,,,"Updated 21:32 UTC+2:00",,,,,
11/05/17,12800,,,2166,16:25,Partly Cloudy,,,"Updated 21:22 UTC+2:00",,,,,
10/05/17,14600,,,2386,14:55,Fine,,,"Updated 21:26 UTC+2:00",,,,,
09/05/17,7700,,,2060,18:45,Mostly Cloudy,,,"Updated 21:21 UTC+2:00",,,,,
08/05/17,16500,,,2393,14:45,Fine,,,"Updated 21:23 UTC+2:00",,,,,
07/05/17,14300,,,2293,14:55,Fine,,,"Updated 21:09 UTC+2:00",,,,,
06/05/17,15100,,,2186,16:50,Fine,,,"Updated 21:19 UTC+2:00",,,,,
05/05/17,4100,,,1277,14:35,Cloudy,,,"Updated 20:33 UTC+2:00",,,,,
04/05/17,6300,,,2516,15:25,Cloudy,,,"Updated 20:39 UTC+2:00",,,,,
03/05/17,7000,,,2454,15:55,Mostly Cloudy,,,"Updated 21:16 UTC+2:00",,,,,
02/05/17,11600,,,2075,17:25,Partly Cloudy,,,"Updated 20:32 UTC+2:00",,,,,
01/05/17,4300,,,786,13:05,Cloudy,,,"Updated 20:58 UTC+2:00",,,,,
30/04/17,11900,,,2325,14:50,Partly Cloudy,,,"Updated 21:05 UTC+2:00",,,,,
29/04/17,11900,,,2531,16:10,Partly Cloudy,,,"Updated 21:08 UTC+2:00",,,,,
28/04/17,7600,,,2529,16:05,Mostly Cloudy,,,"Updated 02:36 UTC+2:00",,,,,
27/04/17,8500,,,2494,15:05,Mostly Cloudy,,,"Updated 20:30 UTC+2:00",,,,,
26/04/17,7000,,,2411,15:50,Mostly Cloudy,,,"Updated 21:02 UTC+2:00",,,,,
25/04/17,13000,,,2508,15:25,Partly Cloudy,,,"Updated 21:01 UTC+2:00",,,,,
24/04/17,4100,,,971,13:00,Cloudy,,,"Updated 19:48 UTC+2:00",,,,,
23/04/17,10700,,,2517,15:05,Mostly Cloudy,,,"Updated 20:57 UTC+2:00",,,,,
22/04/17,8700,,,2510,15:15,Mostly Cloudy,,,"Updated 20:45 UTC+2:00",,,,,
21/04/17,5000,,,1470,13:00,Cloudy,,,"Updated 20:27 UTC+2:00",,,,,
20/04/17,9700,,,2263,17:00,Mostly Cloudy,,,"Updated 20:40 UTC+2:00",,,,,
19/04/17,14600,,,2487,16:40,Fine,,,"Updated 20:41 UTC+2:00",,,,,
18/04/17,14600,,,2305,15:55,Fine,,,"Updated 20:46 UTC+2:00",,,,,
17/04/17,11400,,,2540,16:25,Partly Cloudy,,,"Updated 20:12 UTC+2:00",,,,,
16/04/17,6300,,,1703,15:55,Cloudy,,,"Updated 20:33 UTC+2:00",,,,,
15/04/17,10500,,,2452,17:00,Mostly Cloudy,,,"Updated 20:39 UTC+2:00",,,,,
14/04/17,11100,,,2509,15:40,Partly Cloudy,,,"Updated 20:25 UTC+2:00",,,,,
13/04/17,12200,,,2511,16:20,Partly Cloudy,,,"Updated 20:30 UTC+2:00",,,,,
12/04/17,2800,,,595,11:05,Cloudy,,,"Updated 20:11 UTC+2:00",,,,,
11/04/17,12800,,,2497,17:05,Partly Cloudy,,,"Updated 20:22 UTC+2:00",,,,,
10/04/17,10900,,,2540,16:05,Partly Cloudy,,,"Updated 20:31 UTC+2:00",,,,,
09/04/17,13300,,,2058,16:25,Partly Cloudy,,,"Updated 20:24 UTC+2:00",,,,,
08/04/17,9000,,,2363,17:05,Mostly Cloudy,,,"Updated 20:15 UTC+2:00",,,,,
07/04/17,11100,,,2369,15:40,Partly Cloudy,,,"Updated 20:19 UTC+2:00",,,,,
06/04/17,7500,,,2486,14:55,Mostly Cloudy,,,"Updated 20:28 UTC+2:00",,,,,
05/04/17,8100,,,2329,15:10,Mostly Cloudy,,,"Updated 20:25 UTC+2:00",,,,,
04/04/17,9700,,,2021,17:25,Mostly Cloudy,,,"Updated 20:21 UTC+2:00",,,,,
03/04/17,9000,,,2477,16:05,Mostly Cloudy,,,"Updated 20:18 UTC+2:00",,,,,
02/04/17,12700,,,2162,15:45,Partly Cloudy,,,"Updated 20:12 UTC+2:00",,,,,
01/04/17,4100,,,1427,16:35,Cloudy,,,"Updated 21:15 UTC+2:00",,,,,
31/03/17,6900,,,1851,14:45,Mostly Cloudy,,,"Updated 20:16 UTC+2:00",,,,,
30/03/17,9300,,,1998,14:15,Mostly Cloudy,,,"Updated 20:04 UTC+2:00",,,,,
29/03/17,4500,,,1475,18:25,Cloudy,,,"Updated 20:03 UTC+2:00",,,,,
28/03/17,10700,,,1810,15:30,Mostly Cloudy,,,"Updated 20:08 UTC+2:00",,,,,
27/03/17,12100,,,1949,16:30,Partly Cloudy,,,"Updated 20:09 UTC+2:00",,,,,
26/03/17,10400,,,2440,15:15,Mostly Cloudy,,,"Updated 20:08 UTC+2:00",,,,,
25/03/17,12400,,,2012,15:25,Partly Cloudy,,,"Updated 19:13 UTC+1:00",,,,,
24/03/17,12000,,,2072,15:40,Partly Cloudy,,,"Updated 19:06 UTC+1:00",,,,,
23/03/17,10800,,,1953,15:35,Partly Cloudy,,,"Updated 18:58 UTC+1:00",,,,,
22/03/17,6800,,,1983,14:55,Mostly Cloudy,,,"Updated 18:47 UTC+1:00",,,,,
21/03/17,10500,,,2510,15:50,Mostly Cloudy,,,"Updated 19:03 UTC+1:00",,,,,
20/03/17,1000,,,294,12:30,Showers,,,"Updated 18:25 UTC+1:00",,,,,
19/03/17,5000,,,2267,14:25,Cloudy,,,"Updated 18:45 UTC+1:00",,,,,
18/03/17,1400,,,343,13:35,Showers,,,"Updated 18:33 UTC+1:00",,,,,
17/03/17,7000,,,2196,14:30,Mostly Cloudy,,,"Updated 18:29 UTC+1:00",,,,,
16/03/17,9400,,,1702,15:10,Mostly Cloudy,,,"Updated 18:42 UTC+1:00",,,,,
15/03/17,10800,,,2034,16:00,Partly Cloudy,,,"Updated 18:53 UTC+1:00",,,,,
14/03/17,5000,,,1696,13:25,Cloudy,,,"Updated 18:22 UTC+1:00",,,,,
13/03/17,9200,,,1844,16:15,Mostly Cloudy,,,"Updated 18:37 UTC+1:00",,,,,
12/03/17,9300,,,1726,15:20,Mostly Cloudy,,,"Updated 18:40 UTC+1:00",,,,,
11/03/17,5600,,,1191,13:30,Cloudy,,,"Updated 18:28 UTC+1:00",,,,,
10/03/17,5800,,,2053,15:10,Cloudy,,,"Updated 18:36 UTC+1:00",,,,,
09/03/17,9100,,,1974,15:10,Mostly Cloudy,,,"Updated 18:37 UTC+1:00",,,,,
08/03/17,800,,,310,12:25,Showers,,,"Updated 18:07 UTC+1:00",,,,,
07/03/17,3800,,,2337,14:25,Cloudy,,,"Updated 18:23 UTC+1:00",,,,,
06/03/17,5000,,,1888,15:45,Cloudy,,,"Updated 18:20 UTC+1:00",,,,,
05/03/17,3500,,,1741,13:45,Cloudy,,,"Updated 18:06 UTC+1:00",,,,,
04/03/17,2500,,,1584,13:20,Showers,,,"Updated 18:13 UTC+1:00",,,,,
03/03/17,2000,,,600,12:15,Showers,,,"Updated 18:02 UTC+1:00",,,,,
02/03/17,3200,,,2019,14:30,Cloudy,,,"Updated 18:11 UTC+1:00",,,,,
01/03/17,5400,,,1948,14:10,Cloudy,,,"Updated 18:12 UTC+1:00",,,,,
28/02/17,4000,,,1614,14:15,Cloudy,,,"Updated 18:20 UTC+1:00",,,,,
27/02/17,1000,,,296,11:20,Showers,,,"Updated 18:11 UTC+1:00",,,,,
26/02/17,1000,,,496,11:15,Showers,,,"Updated 17:42 UTC+1:00",,,,,
25/02/17,1400,,,471,14:55,Showers,,,"Updated 17:36 UTC+1:00",,,,,
24/02/17,7000,,,2092,14:50,Mostly Cloudy,,,"Updated 18:13 UTC+1:00",,,,,
23/02/17,1500,,,1986,14:05,Showers,,,"Updated 17:32 UTC+1:00",,,,,
22/02/17,700,,,322,10:50,Showers,,,"Updated 17:46 UTC+1:00",,,,,
21/02/17,6500,,,1536,14:30,Cloudy,,,"Updated 17:57 UTC+1:00",,,,,
20/02/17,1100,,,438,13:40,Showers,,,"Updated 17:46 UTC+1:00",,,,,
19/02/17,3800,,,1730,14:25,Cloudy,,,"Updated 18:01 UTC+1:00",,,,,
18/02/17,4700,,,1535,15:25,Cloudy,,,"Updated 18:08 UTC+1:00",,,,,
17/02/17,1200,,,346,12:20,Showers,,,"Updated 17:44 UTC+1:00",,,,,
16/02/17,4300,,,1708,14:00,Cloudy,,,"Updated 17:46 UTC+1:00",,,,,
15/02/17,6000,,,1419,14:55,Cloudy,,,"Updated 17:53 UTC+1:00",,,,,
14/02/17,6800,,,1409,15:00,Mostly Cloudy,,,"Updated 17:55 UTC+1:00",,,,,
13/02/17,7000,,,1423,14:40,Mostly Cloudy,,,"Updated 17:52 UTC+1:00",,,,,
12/02/17,1900,,,974,15:05,Showers,,,"Updated 17:51 UTC+1:00",,,,,
11/02/17,0,,,85,14:50,Not Sure,,,"Updated 16:41 UTC+1:00",,,,,
10/02/17,0,,,18,14:50,Not Sure,,,"Updated 16:24 UTC+1:00",,,,,
09/02/17,0,,,31,12:50,Not Sure,,,"Updated 16:44 UTC+1:00",,,,,
08/02/17,0,,,0,10:25,Not Sure,,,"Updated 16:13 UTC+1:00",,,,,
07/02/17,400,,,115,15:25,Showers,,,"Updated 17:01 UTC+1:00",,,,,
06/02/17,600,,,205,12:25,Showers,,,"Updated 16:51 UTC+1:00",,,,,
05/02/17,2100,,,878,15:55,Showers,,,"Updated 17:19 UTC+1:00",,,,,
04/02/17,1600,,,525,12:30,Showers,,,"Updated 17:04 UTC+1:00",,,,,
03/02/17,2300,,,1476,13:50,Showers,,,"Updated 17:16 UTC+1:00",,,,,
02/02/17,3300,,,1406,13:15,Cloudy,,,"Updated 17:28 UTC+1:00",,,,,
01/02/17,1100,,,264,11:20,Showers,,,"Updated 17:05 UTC+1:00",,,,,
31/01/17,1000,,,1295,13:10,Showers,,,"Updated 16:45 UTC+1:00",,,,,
30/01/17,800,,,347,14:50,Showers,,,"Updated 16:57 UTC+1:00",,,,,
29/01/17,1100,,,594,14:45,Showers,,,"Updated 17:13 UTC+1:00",,,,,
28/01/17,2700,,,1261,15:20,Cloudy,,,"Updated 17:09 UTC+1:00",,,,,
27/01/17,2100,,,655,14:40,Showers,,,"Updated 17:09 UTC+1:00",,,,,
26/01/17,4100,,,1150,14:15,Cloudy,,,"Updated 17:20 UTC+1:00",,,,,
25/01/17,1600,,,870,13:40,Showers,,,"Updated 17:13 UTC+1:00",,,,,
24/01/17,1200,,,273,11:40,Showers,,,"Updated 16:53 UTC+1:00",,,,,
23/01/17,800,,,374,11:35,Showers,,,"Updated 16:45 UTC+1:00",,,,,
22/01/17,4100,,,1160,14:25,Cloudy,,,"Updated 17:17 UTC+1:00",,,,,
21/01/17,4600,,,1186,14:50,Cloudy,,,"Updated 17:16 UTC+1:00",,,,,
20/01/17,3700,,,1507,15:10,Cloudy,,,"Updated 17:22 UTC+1:00",,,,,
19/01/17,4600,,,1262,14:35,Cloudy,,,"Updated 17:12 UTC+1:00",,,,,
18/01/17,1900,,,946,15:05,Showers,,,"Updated 17:13 UTC+1:00",,,,,
17/01/17,3600,,,1209,14:30,Cloudy,,,"Updated 17:10 UTC+1:00",,,,,
16/01/17,3400,,,1275,14:30,Cloudy,,,"Updated 16:49 UTC+1:00",,,,,
15/01/17,2100,,,1053,14:25,Showers,,,"Updated 16:54 UTC+1:00",,,,,
14/01/17,2900,,,1335,13:35,Cloudy,,,"Updated 16:32 UTC+1:00",,,,,
13/01/17,1800,,,1260,13:30,Showers,,,"Updated 16:16 UTC+1:00",,,,,
12/01/17,900,,,415,11:40,Showers,,,"Updated 16:27 UTC+1:00",,,,,
11/01/17,3000,,,1094,14:05,Cloudy,,,"Updated 16:46 UTC+1:00",,,,,
10/01/17,1700,,,1090,14:35,Showers,,,"Updated 16:30 UTC+1:00",,,,,
09/01/17,200,,,85,12:10,Showers,,,"Updated 16:02 UTC+1:00",,,,,
08/01/17,400,,,124,11:20,Showers,,,"Updated 16:24 UTC+1:00",,,,,
07/01/17,300,,,103,12:30,Showers,,,"Updated 16:22 UTC+1:00",,,,,
06/01/17,3300,,,1104,14:10,Cloudy,,,"Updated 16:33 UTC+1:00",,,,,
05/01/17,3900,,,1137,14:45,Cloudy,,,"Updated 16:51 UTC+1:00",,,,,
04/01/17,2100,,,1057,13:55,Showers,,,"Updated 16:42 UTC+1:00",,,,,
03/01/17,400,,,199,11:50,Showers,,,"Updated 16:21 UTC+1:00",,,,,
02/01/17,1800,,,1157,13:10,Showers,,,"Updated 16:26 UTC+1:00",,,,,
01/01/17,200,,,107,14:10,Showers,,,"Updated 16:06 UTC+1:00",,,,,
31/12/16,300,,,170,11:40,Showers,,,"Updated 16:12 UTC+1:00",,,,,
30/12/16,500,,,137,12:25,Showers,,,"Updated 16:34 UTC+1:00",,,,,
29/12/16,600,,,163,13:00,Showers,,,"Updated 16:21 UTC+1:00",,,,,
28/12/16,800,,,250,12:20,Showers,,,"Updated 16:13 UTC+1:00",,,,,
27/12/16,2200,,,896,14:40,Showers,,,"Updated 16:26 UTC+1:00",,,,,
26/12/16,2400,,,983,13:40,Showers,,,"Updated 16:30 UTC+1:00",,,,,
25/12/16,200,,,83,11:45,Showers,,,"Updated 15:59 UTC+1:00",,,,,
24/12/16,800,,,642,12:50,Showers,,,"Updated 16:07 UTC+1:00",,,,,
23/12/16,600,,,505,14:15,Showers,,,"Updated 16:27 UTC+1:00",,,,,
22/12/16,1300,,,870,14:35,Showers,,,"Updated 16:32 UTC+1:00",,,,,
21/12/16,500,,,218,12:15,Showers,,,"Updated 15:59 UTC+1:00",,,,,
20/12/16,600,,,202,12:45,Showers,,,"Updated 16:08 UTC+1:00",,,,,
19/12/16,2800,,,1108,13:45,Cloudy,,,"Updated 16:20 UTC+1:00",,,,,
18/12/16,1200,,,564,13:00,Showers,,,"Updated 16:20 UTC+1:00",,,,,
17/12/16,200,,,130,12:10,Showers,,,"Updated 15:35 UTC+1:00",,,,,
16/12/16,1900,,,895,14:00,Showers,,,"Updated 16:36 UTC+1:00",,,,,
15/12/16,200,,,79,11:10,Showers,,,"Updated 15:52 UTC+1:00",,,,,
14/12/16,1000,,,736,14:40,Showers,,,"Updated 16:14 UTC+1:00",,,,,
13/12/16,400,,,152,13:25,Showers,,,"Updated 16:05 UTC+1:00",,,,,
12/12/16,1100,,,528,14:25,Showers,,,"Updated 16:01 UTC+1:00",,,,,
11/12/16,900,,,351,13:00,Showers,,,"Updated 16:03 UTC+1:00",,,,,
10/12/16,0,,,32,13:40,Not Sure,,,"Updated 15:25 UTC+1:00",,,,,
09/12/16,200,,,109,12:55,Showers,,,"Updated 15:59 UTC+1:00",,,,,
08/12/16,700,,,518,12:45,Showers,,,"Updated 16:16 UTC+1:00",,,,,
07/12/16,1000,,,857,13:45,Showers,,,"Updated 16:20 UTC+1:00",,,,,
06/12/16,2800,,,975,13:25,Cloudy,,,"Updated 15:10 UTC+1:00",,,,,
05/12/16,3700,,,1082,14:10,Cloudy,,,"Updated 16:29 UTC+1:00",,,,,
04/12/16,4100,,,1174,14:15,Cloudy,,,"Updated 16:36 UTC+1:00",,,,,
03/12/16,2300,,,1300,13:55,Showers,,,"Updated 16:35 UTC+1:00",,,,,
02/12/16,2200,,,1259,13:40,Showers,,,"Updated 16:31 UTC+1:00",,,,,
01/12/16,600,,,186,10:30,Showers,,,"Updated 16:26 UTC+1:00",,,,,
30/11/16,500,,,309,13:05,Showers,,,"Updated 16:14 UTC+1:00",,,,,
29/11/16,4300,,,1214,14:20,Cloudy,,,"Updated 16:40 UTC+1:00",,,,,
28/11/16,4400,,,1225,14:30,Cloudy,,,"Updated 16:43 UTC+1:00",,,,,
27/11/16,2900,,,1095,13:25,Cloudy,,,"Updated 16:28 UTC+1:00",,,,,
26/11/16,3000,,,1260,14:40,Cloudy,,,"Updated 16:28 UTC+1:00",,,,,
25/11/16,4300,,,1200,14:45,Cloudy,,,"Updated 16:52 UTC+1:00",,,,,
24/11/16,3200,,,971,14:30,Cloudy,,,"Updated 16:41 UTC+1:00",,,,,
23/11/16,400,,,400,13:20,Showers,,,"Updated 16:21 UTC+1:00",,,,,
22/11/16,3500,,,1283,14:00,Cloudy,,,"Updated 16:51 UTC+1:00",,,,,
21/11/16,800,,,265,10:55,Showers,,,"Updated 16:26 UTC+1:00",,,,,
20/11/16,400,,,147,14:55,Showers,,,"Updated 16:01 UTC+1:00",,,,,
19/11/16,700,,,510,11:15,Showers,,,"Updated 16:19 UTC+1:00",,,,,
18/11/16,800,,,343,11:25,Showers,,,"Updated 16:19 UTC+1:00",,,,,
17/11/16,1500,,,973,12:05,Showers,,,"Updated 16:00 UTC+1:00",,,,,
16/11/16,2300,,,1359,13:30,Showers,,,"Updated 16:30 UTC+1:00",,,,,
15/11/16,300,,,145,12:05,Showers,,,"Updated 16:18 UTC+1:00",,,,,
14/11/16,800,,,214,11:05,Showers,,,"Updated 16:11 UTC+1:00",,,,,
13/11/16,600,,,186,12:35,Showers,,,"Updated 16:39 UTC+1:00",,,,,
12/11/16,1900,,,785,12:30,Showers,,,"Updated 16:43 UTC+1:00",,,,,
11/11/16,5200,,,1260,14:00,Cloudy,,,"Updated 16:55 UTC+1:00",,,,,
10/11/16,500,,,175,12:00,Showers,,,"Updated 16:11 UTC+1:00",,,,,
09/11/16,800,,,253,11:50,Showers,,,"Updated 16:29 UTC+1:00",,,,,
08/11/16,1300,,,337,12:05,Showers,,,"Updated 16:52 UTC+1:00",,,,,
07/11/16,1900,,,1670,14:00,Showers,,,"Updated 16:35 UTC+1:00",,,,,
06/11/16,2700,,,1483,14:55,Cloudy,,,"Updated 17:01 UTC+1:00",,,,,
05/11/16,1700,,,1091,11:55,Showers,,,"Updated 17:01 UTC+1:00",,,,,
04/11/16,2300,,,836,13:30,Showers,,,"Updated 16:57 UTC+1:00",,,,,
03/11/16,2000,,,888,13:40,Showers,,,"Updated 16:58 UTC+1:00",,,,,
02/11/16,3800,,,1559,13:40,Cloudy,,,"Updated 17:04 UTC+1:00",,,,,
01/11/16,1100,,,581,12:40,Showers,,,"Updated 16:49 UTC+1:00",,,,,
31/10/16,6000,,,1381,14:15,Cloudy,,,"Updated 16:55 UTC+1:00",,,,,
30/10/16,2800,,,1463,14:10,Cloudy,,,"Updated 17:02 UTC+1:00",,,,,
29/10/16,6100,,,1579,14:40,Cloudy,,,"Updated 18:18 UTC+2:00",,,,,
28/10/16,1100,,,437,12:35,Showers,,,"Updated 18:03 UTC+2:00",,,,,
27/10/16,3000,,,1593,14:25,Cloudy,,,"Updated 18:08 UTC+2:00",,,,,
26/10/16,2800,,,1346,14:40,Cloudy,,,"Updated 18:17 UTC+2:00",,,,,
25/10/16,1000,,,207,14:35,Showers,,,"Updated 18:25 UTC+2:00",,,,,
24/10/16,1700,,,461,12:25,Showers,,,"Updated 22:00 UTC+2:00",,,,,
23/10/16,7100,,,1721,15:25,Mostly Cloudy,,,"Updated 18:24 UTC+2:00",,,,,
22/10/16,6700,,,1661,14:10,Cloudy,,,"Updated 18:29 UTC+2:00",,,,,
21/10/16,3500,,,1638,14:20,Cloudy,,,"Updated 18:28 UTC+2:00",,,,,
20/10/16,3500,,,1652,16:35,Cloudy,,,"Updated 18:32 UTC+2:00",,,,,
19/10/16,5300,,,1913,14:55,Cloudy,,,"Updated 18:26 UTC+2:00",,,,,
18/10/16,1700,,,1378,17:15,Showers,,,"Updated 18:30 UTC+2:00",,,,,
17/10/16,4300,,,1765,14:40,Cloudy,,,"Updated 18:25 UTC+2:00",,,,,
16/10/16,6600,,,1534,15:35,Cloudy,,,"Updated 18:39 UTC+2:00",,,,,
15/10/16,1400,,,611,17:15,Showers,,,"Updated 18:45 UTC+2:00",,,,,
14/10/16,4600,,,1353,14:25,Cloudy,,,"Updated 18:27 UTC+2:00",,,,,
13/10/16,2400,,,1377,16:45,Showers,,,"Updated 00:52 UTC+2:00",,,,,
12/10/16,3000,,,1920,15:10,Cloudy,,,"Updated 18:42 UTC+2:00",,,,,
11/10/16,4800,,,1971,16:15,Cloudy,,,"Updated 18:46 UTC+2:00",,,,,
10/10/16,8600,,,1766,16:10,Mostly Cloudy,,,"Updated 18:56 UTC+2:00",,,,,
09/10/16,4500,,,2120,15:15,Cloudy,,,"Updated 18:52 UTC+2:00",,,,,
08/10/16,4100,,,1109,12:50,Cloudy,,,"Updated 18:25 UTC+2:00",,,,,
07/10/16,5500,,,1939,14:00,Cloudy,,,"Updated 18:53 UTC+2:00",,,,,
06/10/16,5400,,,1946,14:40,Cloudy,,,"Updated 18:45 UTC+2:00",,,,,
05/10/16,9200,,,1850,15:55,Mostly Cloudy,,,"Updated 19:08 UTC+2:00",,,,,
04/10/16,8400,,,1939,15:55,Mostly Cloudy,,,"Updated 19:10 UTC+2:00",,,,,
03/10/16,8700,,,2009,15:45,Mostly Cloudy,,,"Updated 19:15 UTC+2:00",,,,,
02/10/16,2900,,,2247,16:20,Cloudy,,,"Updated 19:08 UTC+2:00",,,,,
01/10/16,4800,,,2177,15:25,Cloudy,,,"Updated 18:08 UTC+2:00",,,,,
30/09/16,6300,,,2053,16:40,Cloudy,,,"Updated 19:27 UTC+2:00",,,,,
29/09/16,1200,,,400,11:45,Showers,,,"Updated 19:06 UTC+2:00",,,,,
28/09/16,7300,,,2140,15:50,Mostly Cloudy,,,"Updated 19:26 UTC+2:00",,,,,
27/09/16,8800,,,1886,15:25,Mostly Cloudy,,,"Updated 19:25 UTC+2:00",,,,,
26/09/16,4100,,,934,14:30,Cloudy,,,"Updated 19:18 UTC+2:00",,,,,
25/09/16,4900,,,1705,15:10,Cloudy,,,"Updated 19:31 UTC+2:00",,,,,
24/09/16,9000,,,1778,15:55,Mostly Cloudy,,,"Updated 19:27 UTC+2:00",,,,,
23/09/16,9100,,,2119,15:35,Mostly Cloudy,,,"Updated 19:36 UTC+2:00",,,,,
22/09/16,4500,,,1295,14:20,Cloudy,,,"Updated 19:35 UTC+2:00",,,,,
21/09/16,8500,,,1904,14:20,Mostly Cloudy,,,"Updated 19:45 UTC+2:00",,,,,
20/09/16,8500,,,2134,15:00,Mostly Cloudy,,,"Updated 19:33 UTC+2:00",,,,,
19/09/16,6800,,,2376,16:05,Mostly Cloudy,,,"Updated 19:29 UTC+2:00",,,,,
18/09/16,9000,,,2130,16:35,Mostly Cloudy,,,"Updated 19:48 UTC+2:00",,,,,
17/09/16,3500,,,1104,14:15,Cloudy,,,"Updated 19:53 UTC+2:00",,,,,
16/09/16,6200,,,1928,16:55,Cloudy,,,"Updated 19:52 UTC+2:00",,,,,
15/09/16,9500,,,1648,16:05,Mostly Cloudy,,,"Updated 19:49 UTC+2:00",,,,,
14/09/16,9900,,,1652,16:05,Mostly Cloudy,,,"Updated 19:59 UTC+2:00",,,,,
13/09/16,10000,,,1637,15:50,Mostly Cloudy,,,"Updated 19:57 UTC+2:00",,,,,
12/09/16,9000,,,1833,15:20,Mostly Cloudy,,,"Updated 19:58 UTC+2:00",,,,,
11/09/16,7800,,,2094,17:05,Mostly Cloudy,,,"Updated 19:54 UTC+2:00",,,,,
10/09/16,8800,,,2141,14:55,Mostly Cloudy,,,"Updated 20:02 UTC+2:00",,,,,
09/09/16,8900,,,2142,15:45,Mostly Cloudy,,,"Updated 20:07 UTC+2:00",,,,,
08/09/16,11000,,,1761,15:45,Partly Cloudy,,,"Updated 20:11 UTC+2:00",,,,,
07/09/16,11500,,,1814,16:30,Partly Cloudy,,,"Updated 20:16 UTC+2:00",,,,,
06/09/16,3600,,,662,12:20,Cloudy,,,"Updated 20:02 UTC+2:00",,,,,
05/09/16,11700,,,2271,15:45,Partly Cloudy,,,"Updated 20:21 UTC+2:00",,,,,
04/09/16,6700,,,2505,15:35,Cloudy,,,"Updated 20:13 UTC+2:00",,,,,
03/09/16,7600,,,2158,14:45,Mostly Cloudy,,,"Updated 20:06 UTC+2:00",,,,,
02/09/16,6500,,,1918,14:15,Cloudy,,,"Updated 19:52 UTC+2:00",,,,,
01/09/16,10300,,,2101,16:35,Mostly Cloudy,,,"Updated 20:27 UTC+2:00",,,,,
31/08/16,11200,,,1952,16:40,Partly Cloudy,,,"Updated 20:35 UTC+2:00",,,,,
30/08/16,9400,,,2120,16:10,Mostly Cloudy,,,"Updated 20:32 UTC+2:00",,,,,
29/08/16,10600,,,2392,15:40,Mostly Cloudy,,,"Updated 20:43 UTC+2:00",,,,,
28/08/16,7300,,,2500,16:25,Mostly Cloudy,,,"Updated 20:20 UTC+2:00",,,,,
27/08/16,12000,,,2029,16:15,Partly Cloudy,,,"Updated 20:34 UTC+2:00",,,,,
26/08/16,10400,,,1902,16:10,Mostly Cloudy,,,"Updated 20:42 UTC+2:00",,,,,
25/08/16,12800,,,1845,16:05,Partly Cloudy,,,"Updated 20:40 UTC+2:00",,,,,
24/08/16,13100,,,1890,16:35,Partly Cloudy,,,"Updated 20:42 UTC+2:00",,,,,
23/08/16,13300,,,1903,16:25,Partly Cloudy,,,"Updated 20:44 UTC+2:00",,,,,
22/08/16,8000,,,2454,17:15,Mostly Cloudy,,,"Updated 20:41 UTC+2:00",,,,,
21/08/16,6200,,,2496,15:20,Cloudy,,,"Updated 20:47 UTC+2:00",,,,,
20/08/16,12500,,,2323,16:15,Partly Cloudy,,,"Updated 20:53 UTC+2:00",,,,,
19/08/16,5100,,,1544,14:20,Cloudy,,,"Updated 20:01 UTC+2:00",,,,,
18/08/16,14600,,,2049,17:00,Fine,,,"Updated 21:01 UTC+2:00",,,,,
17/08/16,14800,,,2046,16:40,Fine,,,"Updated 21:03 UTC+2:00",,,,,
16/08/16,13800,,,2037,16:45,Fine,,,"Updated 21:00 UTC+2:00",,,,,
15/08/16,15000,,,2239,16:20,Fine,,,"Updated 21:10 UTC+2:00",,,,,
14/08/16,7200,,,2478,15:55,Mostly Cloudy,,,"Updated 21:04 UTC+2:00",,,,,
13/08/16,4800,,,1974,18:25,Cloudy,,,"Updated 20:32 UTC+2:00",,,,,
12/08/16,8300,,,2362,17:30,Mostly Cloudy,,,"Updated 21:11 UTC+2:00",,,,,
11/08/16,2700,,,981,13:50,Cloudy,,,"Updated 20:29 UTC+2:00",,,,,
10/08/16,12600,,,2608,15:20,Partly Cloudy,,,"Updated 21:13 UTC+2:00",,,,,
09/08/16,10300,,,2507,16:35,Mostly Cloudy,,,"Updated 21:03 UTC+2:00",,,,,
08/08/16,100,,,225,19:50,Showers,,,"Updated 21:15 UTC+2:00",,,,,
07/08/16,7800,,,2496,15:55,Mostly Cloudy,,,"Updated 21:02 UTC+2:00",,,,,
06/08/16,15300,,,2437,16:05,Fine,,,"Updated 21:23 UTC+2:00",,,,,
05/08/16,12100,,,2481,16:50,Partly Cloudy,,,"Updated 21:15 UTC+2:00",,,,,
04/08/16,11100,,,2521,16:55,Partly Cloudy,,,"Updated 21:17 UTC+2:00",,,,,
03/08/16,5800,,,1898,18:50,Cloudy,,,"Updated 21:26 UTC+2:00",,,,,
02/08/16,3600,,,846,13:30,Cloudy,,,"Updated 20:49 UTC+2:00",,,,,
01/08/16,15000,,,2254,17:15,Fine,,,"Updated 21:28 UTC+2:00",,,,,
31/07/16,13200,,,2497,16:40,Partly Cloudy,,,"Updated 21:30 UTC+2:00",,,,,
30/07/16,6100,,,2186,14:40,Cloudy,,,"Updated 21:12 UTC+2:00",,,,,
29/07/16,7300,,,2501,16:45,Mostly Cloudy,,,"Updated 21:19 UTC+2:00",,,,,
28/07/16,7000,,,2306,16:35,Mostly Cloudy,,,"Updated 21:20 UTC+2:00",,,,,
27/07/16,4400,,,847,11:55,Cloudy,,,"Updated 21:35 UTC+2:00",,,,,
26/07/16,11300,,,2081,16:40,Partly Cloudy,,,"Updated 21:41 UTC+2:00",,,,,
25/07/16,10200,,,2409,16:00,Mostly Cloudy,,,"Updated 21:46 UTC+2:00",,,,,
24/07/16,11000,,,2261,16:10,Partly Cloudy,,,"Updated 21:30 UTC+2:00",,,,,
23/07/16,12800,,,2043,16:45,Partly Cloudy,,,"Updated 21:46 UTC+2:00",,,,,
22/07/16,12800,,,1980,15:35,Partly Cloudy,,,"Updated 21:57 UTC+2:00",,,,,
21/07/16,14300,,,2178,15:55,Fine,,,"Updated 21:51 UTC+2:00",,,,,
20/07/16,10300,,,2296,15:40,Mostly Cloudy,,,"Updated 21:46 UTC+2:00",,,,,
19/07/16,15000,,,1911,16:00,Fine,,,"Updated 21:49 UTC+2:00",,,,,
18/07/16,16600,,,2104,16:35,Fine,,,"Updated 21:54 UTC+2:00",,,,,
17/07/16,13100,,,2499,16:25,Partly Cloudy,,,"Updated 21:44 UTC+2:00",,,,,
16/07/16,5100,,,1242,15:10,Cloudy,,,"Updated 21:09 UTC+2:00",,,,,
15/07/16,14500,,,2340,16:10,Fine,,,"Updated 21:48 UTC+2:00",,,,,
14/07/16,10100,,,2493,16:30,Mostly Cloudy,,,"Updated 21:55 UTC+2:00",,,,,
13/07/16,9100,,,2205,18:25,Mostly Cloudy,,,"Updated 21:54 UTC+2:00",,,,,
12/07/16,10800,,,2516,15:20,Partly Cloudy,,,"Updated 21:57 UTC+2:00",,,,,
11/07/16,13800,,,2509,16:05,Fine,,,"Updated 21:41 UTC+2:00",,,,,
10/07/16,11100,,,1923,18:15,Partly Cloudy,,,"Updated 22:15 UTC+2:00",,,,,
09/07/16,6600,,,1495,12:25,Cloudy,,,"Updated 21:49 UTC+2:00",,,,,
08/07/16,6100,,,2588,16:45,Cloudy,,,"Updated 21:54 UTC+2:00",,,,,
07/07/16,11900,,,2472,15:35,Partly Cloudy,,,"Updated 21:56 UTC+2:00",,,,,
06/07/16,15300,,,2476,17:15,Fine,,,"Updated 21:52 UTC+2:00",,,,,
05/07/16,6200,,,2367,19:05,Cloudy,,,"Updated 22:00 UTC+2:00",,,,,
04/07/16,11000,,,2339,15:20,Partly Cloudy,,,"Updated 21:59 UTC+2:00",,,,,
03/07/16,17400,,,2484,16:05,Fine,,,"Updated 21:58 UTC+2:00",,,,,
02/07/16,15500,,,2508,17:05,Fine,,,"Updated 22:00 UTC+2:00",,,,,
01/07/16,3200,,,704,15:55,Cloudy,,,"Updated 22:12 UTC+2:00",,,,,
30/06/16,4500,,,1540,18:10,Cloudy,,,"Updated 21:54 UTC+2:00",,,,,
29/06/16,11600,,,2502,17:05,Partly Cloudy,,,"Updated 21:36 UTC+2:00",,,,,
28/06/16,7600,,,2213,17:00,Mostly Cloudy,,,"Updated 20:45 UTC+2:00",,,,,
27/06/16,13100,,,2501,17:25,Partly Cloudy,,,"Updated 22:08 UTC+2:00",,,,,
26/06/16,14600,,,2496,15:00,Fine,,,"Updated 22:01 UTC+2:00",,,,,
25/06/16,7400,,,1800,19:20,Mostly Cloudy,,,"Updated 22:07 UTC+2:00",,,,,
24/06/16,15400,,,2502,15:20,Fine,,,"Updated 22:09 UTC+2:00",,,,,
23/06/16,9300,,,2192,14:30,Mostly Cloudy,,,"Updated 21:56 UTC+2:00",,,,,
22/06/16,10100,,,2464,15:20,Mostly Cloudy,,,"Updated 22:06 UTC+2:00",,,,,
21/06/16,4900,,,1100,14:45,Cloudy,,,"Updated 22:13 UTC+2:00",,,,,
20/06/16,2200,,,404,12:45,Showers,,,"Updated 21:39 UTC+2:00",,,,,
19/06/16,14800,,,2500,16:05,Fine,,,"Updated 21:55 UTC+2:00",,,,,
18/06/16,6300,,,2478,16:45,Cloudy,,,"Updated 21:20 UTC+2:00",,,,,
17/06/16,16300,,,2411,16:50,Fine,,,"Updated 22:02 UTC+2:00",,,,,
16/06/16,7900,,,2308,14:55,Mostly Cloudy,,,"Updated 22:03 UTC+2:00",,,,,
15/06/16,8000,,,2304,14:40,Mostly Cloudy,,,"Updated 22:10 UTC+2:00",,,,,
14/06/16,8200,,,2498,16:35,Mostly Cloudy,,,"Updated 22:00 UTC+2:00",,,,,
13/06/16,6100,,,2399,15:35,Cloudy,,,"Updated 21:45 UTC+2:00",,,,,
12/06/16,9300,,,1626,14:45,Mostly Cloudy,,,"Updated 23:02 UTC+2:00",,,,,
11/06/16,11700,,,2219,16:50,Cloudy,,,"Updated 18:31 UTC+2:00",,,,0.0000,0.0000
10/06/16,4200,,,,,Fine,,,,,,,0.0000,0.0000
